file_name,label,zcr_mean,zcr_std,rms_mean,rms_std,spectral_centroid_mean,spectral_centroid_std,spectral_bandwidth_mean,spectral_bandwidth_std,spectral_rolloff_mean,spectral_rolloff_std,mfcc_1_mean,mfcc_1_std,mfcc_2_mean,mfcc_2_std,mfcc_3_mean,mfcc_3_std,mfcc_4_mean,mfcc_4_std,mfcc_5_mean,mfcc_5_std,mfcc_6_mean,mfcc_6_std,mfcc_7_mean,mfcc_7_std,mfcc_8_mean,mfcc_8_std,mfcc_9_mean,mfcc_9_std,mfcc_10_mean,mfcc_10_std,mfcc_11_mean,mfcc_11_std,mfcc_12_mean,mfcc_12_std,mfcc_13_mean,mfcc_13_std
normal_001.wav,normal,0.1975245856629393,0.031352863626700714,0.014631815,0.0014052048,2314.946485160316,191.3933162136308,2045.9471426654009,68.88199189864996,4732.103634185303,318.3932088292491,-212.69873,8.322863,64.300064,8.922909,-1.8222567,4.4322267,23.303555,4.8802204,1.5544405,3.8948944,13.798273,4.1393437,-4.2657022,3.136916,8.604056,4.279526,3.4446416,4.323756,1.6274432,4.512765,2.3099117,4.84506,1.4294182,4.5629935,-2.9702666,3.8416378
normal_002.wav,normal,0.20607340754792333,0.021514021919488674,0.014612189,0.0018295428,2315.841850174419,138.109362139106,2001.9792387895761,74.05107620101803,4706.444688498403,263.8234123038276,-199.59837,16.604324,66.893524,7.1196766,-10.66451,5.002207,11.255838,3.1213217,-11.239217,3.5637665,1.8174447,2.97705,-0.08716386,3.6012042,6.0536265,2.9413316,-5.281322,2.9442816,-2.7478187,2.9973512,-4.3991323,2.7462308,0.23136678,3.0368803,0.82421553,3.074844
normal_003.wav,normal,0.19243585263578275,0.013053976209045002,0.014597926,0.0017556613,2305.288079467996,79.47981219366902,2048.3536369483286,41.43277344946316,4761.306908945687,128.10133155769742,-210.36012,11.80981,64.92446,4.144032,2.5191848,4.622011,25.852623,4.1392603,-4.943327,3.1918936,11.195798,3.1907687,-5.469905,3.0522733,3.7529132,2.9943116,-2.8970313,2.9213657,-0.8272901,2.912899,-6.793841,2.990356,-0.12606782,2.7665608,1.323028,2.731654
normal_004.wav,normal,0.20071167382188498,0.021708291275428643,0.01444167,0.0015643835,2300.3692151271716,104.08069168980956,2008.1123146061761,37.54324012877962,4656.349840255591,140.26535708555087,-204.96419,9.638818,65.39515,5.803652,-11.975026,4.4515185,14.55161,4.0652514,-0.79145557,3.0408618,11.9879875,3.2996407,-1.4385593,3.2070515,1.5594835,2.9459376,-1.1242386,2.9717705,2.5398338,3.793765,0.9890486,3.1207104,-2.2117822,2.8539064,-2.2113204,3.6921005
normal_005.wav,normal,0.1771353334664537,0.025875813939663362,0.014560556,0.0015991,2322.4172640757106,164.07362706580096,2031.8282702106471,48.84491689869855,4784.8941693290735,242.56277679366124,-243.9997,9.281341,52.021603,8.058385,-2.565821,3.9488792,39.488102,2.9982524,12.038719,3.016646,11.778003,3.0991776,13.123557,3.3697205,11.212067,3.4405935,-3.0241692,3.834349,11.04729,3.7394824,-7.4857073,4.138426,-6.8793507,3.5234983,2.4273572,3.5681193
normal_006.wav,normal,0.1991891099241214,0.02906908486441119,0.0146846175,0.00092771184,2306.2190370288745,172.27849485863695,2036.3221680012193,44.00684379028699,4653.479432907348,210.7611508165304,-209.03345,11.175324,65.85998,8.574455,0.42324823,3.728852,23.237988,3.095328,-6.9719863,3.278761,13.082584,3.3147411,-1.5504706,2.941113,3.6163704,3.4031825,0.48232964,3.1632955,-4.442659,3.4529283,-1.8220043,3.1916683,3.5258825,2.9526627,3.4643536,2.6928504
normal_007.wav,normal,0.1802241413738019,0.01611297231217839,0.014546881,0.0008340457,2266.8012715809436,62.24464443702294,2070.9861574755378,24.08668155485582,4726.762180511182,91.79287389651049,-212.79088,3.8053572,65.093315,2.8014903,-0.15266797,3.0547085,26.907997,2.7153368,2.7237465,3.0696144,9.233624,2.7603023,0.73193556,2.7271342,3.0498517,2.4782887,-1.5077215,2.602451,1.0233831,2.7761416,-0.47482675,2.7057128,0.81877255,2.7486665,-0.85575324,2.747391
normal_008.wav,normal,0.19860410842651757,0.031598087722321,0.019521868,0.0055523524,2287.675839296316,223.18474001627894,2044.5559709879994,88.82186184336722,4693.41553514377,391.3575265980881,-183.09933,18.654924,68.307434,12.213374,-7.1688323,8.28695,10.983704,6.7187033,-2.1889033,5.83036,6.5380507,4.2301598,-3.543785,5.2056327,0.86648035,4.453981,2.0501938,4.928937,-3.7769573,4.338841,-2.9968772,3.375648,2.2005272,3.8619568,-4.822672,3.5520232
normal_009.wav,normal,0.19226581220047922,0.08583070201585381,0.014493681,0.004531925,2323.183189736187,514.4011229956421,2061.654504566305,108.27993364866742,4782.547923322683,634.5207846067171,-224.77278,39.886963,64.56687,22.935223,2.5911744,5.594782,21.76725,3.9873102,-1.485734,3.7906568,11.654577,3.9233627,-2.1888945,3.1222558,6.0461183,3.423929,3.3353899,3.1042945,3.2710009,3.0443761,1.233478,3.1789944,4.0739045,3.1566515,6.1241355,3.5000336
normal_010.wav,normal,0.21047729882188498,0.046122505957505215,0.014403448,0.002302406,2368.058671818082,264.3369211454419,2029.3751885610038,55.08924936987011,4763.403554313099,322.1798813075944,-208.7087,26.1884,61.013065,13.778494,-5.047546,5.9259243,22.27325,4.930499,-1.1856475,4.398912,9.883629,4.3300514,-3.2075436,3.9438918,3.9788995,4.1415915,0.9801702,4.06255,1.4311916,4.627786,-1.1887167,4.129737,-0.15351453,3.9450233,-0.5163983,3.609307
normal_011.wav,normal,0.17937861920926518,0.0241832884784586,0.014549646,0.0018594943,2298.7661627982143,121.82017030857357,2031.9192790852353,71.16123024924353,4620.956469648562,158.9474585539117,-220.51807,19.112299,63.41216,7.256741,-2.1397064,8.255885,24.910147,5.271051,-4.336601,4.512694,12.298527,3.2459893,-1.1992562,4.97374,4.4377623,2.9833531,6.139256,3.202018,2.3618267,3.9876962,1.0053843,3.3408108,2.8920977,4.752653,1.4156193,3.6798806
normal_012.wav,normal,0.19278841353833867,0.016333090430921147,0.0145820305,0.00106536,2263.181541219116,96.52644142244607,2009.974366618342,36.55065068393979,4642.596845047923,151.9469510784047,-203.0148,6.304163,68.85237,5.2763176,-11.023047,3.468039,10.154889,4.1130247,-4.2214646,2.8793693,13.113326,3.0507317,2.6668773,3.0335774,3.5884662,3.0895994,-2.8588593,2.8434014,0.93687046,3.1043792,1.0651836,2.9483273,-1.512323,3.0510688,-2.6917205,2.880563
normal_013.wav,normal,0.18793836112220447,0.05151556808361753,0.014504351,0.0014202498,2405.904481321246,255.69708250597444,2039.133463928528,71.63881205597482,4710.113817891373,262.19191927994893,-226.69229,17.043285,55.360573,13.234255,-2.196048,4.0651937,29.544573,6.574528,-0.93591076,3.978861,13.615308,3.429767,-1.6112125,3.4210544,4.735329,2.977376,8.40045,3.7650828,1.1121358,3.7071042,-0.13276643,3.2278924,5.047251,2.9996474,7.062618,3.0220473
normal_014.wav,normal,0.18822384185303515,0.06093077857057243,0.019597681,0.005839827,2240.231278932767,324.9084956597673,2047.326823175271,127.69698702885654,4694.164337060703,492.488164973938,-187.39984,30.477015,69.137924,17.62771,-6.2014422,12.018912,19.190165,5.1786947,5.7003803,5.8939548,1.9714236,4.826831,0.990382,3.6123772,2.5565872,2.738294,-0.5788033,3.2398434,3.5334792,2.7828171,-0.1462428,3.4605565,3.612403,2.9499843,-4.6345396,3.1056728
normal_015.wav,normal,0.21138990115814696,0.026383610237351345,0.0155669935,0.001687762,2353.524381745759,166.49688777377978,1974.9894799739209,80.20898623588099,4649.985023961662,304.8547245704268,-195.25333,18.493435,62.500523,8.141875,-17.029366,5.0765147,13.3425455,4.346103,-6.4151163,4.4822755,6.036487,3.5153995,-1.1222132,2.9426544,6.8191123,3.236785,1.1685073,3.342464,2.8499215,3.5053596,1.4846447,3.1844501,5.2438803,3.0223932,5.34319,2.8856444
normal_016.wav,normal,0.2126628644169329,0.031414948225700914,0.01455265,0.0010298337,2396.0825469338324,127.3932763651656,2008.174975490621,48.030590836344594,4664.237220447284,197.69406800706346,-210.25305,6.864087,56.974804,6.029029,-6.9671354,3.7356017,31.281343,4.0774436,-0.71025074,4.0333943,9.668202,4.3283544,0.24480285,4.0340877,4.271618,3.194045,0.8787575,2.9858027,5.07945,3.383071,2.0749319,3.6457684,-1.561173,3.5324228,0.96533525,3.1878872
normal_017.wav,normal,0.20679256938897764,0.012384985182810174,0.020554695,0.00083932735,2348.1259877576626,62.84946360915042,2043.5735811147424,36.514338454971345,4698.307707667732,150.14142154201338,-165.39156,3.9641032,65.9337,3.509812,-18.823645,3.3983555,3.334819,3.2756667,-6.901002,2.859787,-5.1411486,2.9433217,7.478983,3.175416,3.909749,3.1859956,-0.54809016,2.9869614,-6.5040445,3.083316,-4.9814367,3.041651,-5.2767324,2.778137,1.5587603,2.8841286
normal_018.wav,normal,0.2006539536741214,0.02464976216128634,0.020350615,0.0016574645,2334.6222149199,151.2955615447071,2032.0663704292933,162.8630743457769,4647.688698083067,522.9283883474093,-175.93437,12.338028,62.96396,6.5112963,-6.837962,11.082354,26.984081,7.9572797,1.0345685,4.6657295,0.34074757,3.451906,-2.5137217,3.1989918,-3.4442782,3.3428354,-0.11371352,2.800969,-1.0517124,3.1405053,-2.3081784,3.4804375,2.375338,4.2776837,-0.9263588,3.6221976
normal_019.wav,normal,0.22143320686900958,0.02567909073902868,0.014468178,0.0016462869,2332.419393318938,168.42477969277607,1964.6293102751424,105.64551631809724,4620.407348242811,412.9393831209434,-211.9267,11.201885,58.458405,9.211467,-14.220705,6.0575967,30.627865,4.6263514,8.492232,5.721719,-0.6675932,4.8219705,3.6448967,4.1282086,8.3344965,3.9089794,-3.7616026,3.1684294,-0.46499655,3.5342143,-0.13426353,3.4092271,4.0165057,3.5744827,-1.3453062,3.1934915
normal_020.wav,normal,0.20596732727635783,0.02672987812909007,0.015481048,0.0012943642,2402.4961533155224,110.58772774712446,2052.552145766027,55.321093377955044,4745.956469648562,152.0900362301354,-205.90306,14.073083,58.8936,5.542488,-1.4190687,6.6799273,25.25344,3.98452,-6.290506,4.1241584,12.897905,3.61148,0.5947448,3.6716487,5.608606,3.309092,4.880966,3.3688266,0.70719194,2.8087595,1.1951844,3.20591,4.7226925,3.7275717,4.305689,2.9054663
normal_021.wav,normal,0.1721776407747604,0.021976759668613986,0.014394779,0.0027754556,2206.809458691565,158.5815811594408,2078.690864959761,56.61760208274334,4681.484624600639,270.3414830317433,-215.60109,13.729324,71.39709,8.660828,1.5279876,3.96526,19.638084,4.4054804,-2.0376823,6.2980924,2.7586868,6.086022,-1.0532675,3.5414422,-0.410978,3.3001938,2.3797846,3.982421,3.7446191,3.4166093,-0.3893534,3.0767002,2.005375,2.8619676,-1.2420366,2.8665323
normal_022.wav,normal,0.19969923123003194,0.06130875379635947,0.014580277,0.0012111628,2259.983568658489,397.4386488380348,1991.602067202959,126.22669636503728,4600.039936102236,605.404150201686,-221.55516,18.81783,68.24118,18.808979,1.6664346,5.395599,26.704985,3.7731616,-1.118538,3.7019286,18.631992,4.8922167,-7.310109,3.8152647,4.6249804,3.565577,-2.2947838,3.0875175,2.0447958,3.0827258,0.8259845,3.3886986,4.165294,4.20475,-1.8893013,3.2869205
normal_023.wav,normal,0.17860797723642172,0.01588808535893417,0.014732769,0.0007923028,2301.131458383798,60.717009939515144,2104.597550832224,20.3204487954987,4795.252595846646,80.31512513114245,-212.50102,3.5784702,63.484806,2.7960346,1.3642969,2.8225503,25.364315,2.753837,2.6402857,2.8771389,10.22984,2.9640253,2.4139163,2.7619612,3.3377905,2.7349935,0.6218307,3.0598476,1.056925,2.922091,1.2908515,2.788915,1.2620245,2.641151,0.45300877,2.5433574
normal_024.wav,normal,0.2163663138977636,0.01975127050629399,0.02056972,0.0013064826,2380.688951843897,109.75239658493821,1991.5476257535336,58.58721441808812,4666.808107028754,238.62597812010512,-172.26881,6.6798053,57.433807,5.40287,-13.873181,5.3552504,25.492954,4.2879243,4.0358777,3.2692807,6.5034475,3.4267304,2.0389345,3.5364456,10.631634,2.8667939,5.056569,3.125089,-4.867108,3.9199023,-4.549714,2.9954915,5.767834,3.366099,-1.753276,3.1228552
normal_025.wav,normal,0.21980768270766773,0.026603328123998814,0.014259602,0.0015149562,2387.924431037384,129.81857715415495,1988.1590796544235,39.40114239649678,4626.397763578275,142.1078391935294,-205.6401,14.0627365,59.81253,6.8993764,-8.59669,4.851188,24.470514,3.2122424,-6.407879,3.1249847,9.021559,3.0448484,-2.6097393,2.93361,3.4730198,3.138179,3.8893719,2.841667,-3.2575967,3.0216322,-2.5989501,3.050011,3.8423262,3.2234595,3.0312402,3.164691
normal_026.wav,normal,0.16743366863019168,0.016652073939777086,0.01427534,0.000978581,2214.892474934933,75.8842728748003,2095.8138330953548,25.133091768750504,4747.20447284345,114.69062177007521,-217.1069,3.986836,69.224144,3.3547785,0.9053472,2.6318302,22.16809,2.9606326,4.891272,3.0227668,8.69307,2.743124,-0.03935517,2.8366933,1.5616882,2.8948817,-0.17211597,2.7359097,0.422671,2.538443,-1.927278,2.68057,0.61319536,2.5666468,0.12614524,2.7154891
normal_027.wav,normal,0.16759746904952078,0.01240811407707155,0.015685674,0.00088789954,2240.6498836691503,62.39695560798907,2104.7827439348002,23.894843492476525,4776.282947284345,99.8287982643234,-208.84743,3.9494693,66.95168,2.8904326,0.41740018,2.8226275,23.07478,3.1293085,6.274822,2.564658,9.801935,2.9982789,0.8635295,2.8031125,3.1890564,2.964711,1.8376585,3.0657651,2.5935512,2.7473664,0.5248913,3.1348057,2.0769339,2.8420644,1.8184959,2.9048166
normal_028.wav,normal,0.16569894418929712,0.01513818663888562,0.014656594,0.0008543166,2236.251270673508,64.37928500768606,2112.6153178592085,25.298854603508314,4773.7120607028755,104.15933654973969,-215.34654,3.6968238,67.917336,2.8265498,1.4247959,2.9406157,22.160799,2.8414114,3.8378742,2.810992,7.850943,2.6401296,1.5709548,2.619852,2.2846994,2.5915627,0.82857436,2.7245202,1.5879368,2.8823957,1.6051885,2.7224085,2.3177977,2.670055,2.1176836,2.7300024
normal_029.wav,normal,0.18717551916932906,0.028074727496046926,0.015085982,0.0021806317,2190.2929239417663,180.31165283671046,2008.4642977124174,98.02928831649912,4646.141174121406,333.59702006403813,-215.51366,11.968716,69.431725,9.405847,1.6170691,7.9219913,26.36496,4.229948,-4.876697,3.9900742,14.021662,3.5082088,-0.70207393,3.4122536,3.941838,2.94182,-4.958739,4.046849,8.370334,2.9440796,-0.49107394,4.416031,2.859393,2.9007509,-0.49891877,3.7818675
normal_030.wav,normal,0.1754910892571885,0.05358856092229527,0.01446456,0.0018314243,2193.4914660760783,350.72029058917855,2067.596459644535,175.22158466911637,4648.836861022364,679.2883347877727,-222.66174,12.588223,73.00835,12.7247505,2.3454351,7.9257784,17.941525,5.5768085,-1.6715866,4.4159646,9.264475,3.4520469,-1.746736,3.463729,-1.523839,3.3291318,-1.8922727,4.0374126,-0.78567463,3.218468,1.924913,3.517897,7.6961875,3.289248,5.0888944,3.9477453
normal_031.wav,normal,0.20380672174520767,0.02204533408024925,0.0146771455,0.0006911798,2334.209215389119,118.01446154477071,2034.274796215867,52.8062693423989,4582.318290734825,203.2755817590754,-207.26675,6.416579,64.90821,5.483607,-0.5002376,3.2847157,24.198015,3.5721087,-7.9029927,3.0242834,12.269955,3.0351992,-3.6358,2.9379816,-0.48083916,2.868775,4.352908,2.957011,-3.7302325,3.1865144,-1.1349089,2.8928885,2.0778975,2.97438,4.3675222,2.972402
normal_032.wav,normal,0.21523687100638977,0.049522145615863704,0.014764946,0.0030427945,2431.0481070305823,289.09076135567346,2006.9289064884354,119.03916390199622,4769.19428913738,452.96007600020744,-213.69418,32.81621,55.451916,14.015674,-8.218039,8.947702,27.456963,4.6291447,-0.97150713,3.5446036,9.377531,4.008522,3.3294458,3.2370818,7.3621244,3.1596797,-6.7666984,3.673692,0.60366434,3.0069072,-0.17857763,3.1247222,2.7112665,3.517686,8.528718,3.375077
normal_033.wav,normal,0.22260164986022365,0.023248875649045455,0.014672174,0.0022916072,2420.4513466225144,137.11460603589745,1986.2368283018102,83.9029735522605,4785.7178514377,316.2189579079213,-198.90727,20.6419,58.187286,7.273463,-22.448313,6.7962313,7.8641534,5.000608,-3.2320545,3.126714,3.6301577,3.3198166,-2.0886471,4.2143927,1.1019735,3.5231466,-0.8911542,3.0859141,3.3682468,3.7321517,-1.2579191,3.2313566,2.860849,4.0926065,2.9170377,2.7690244
normal_034.wav,normal,0.1825282672723642,0.02200829285249975,0.019769141,0.004976559,2239.2895862762152,170.49352477708933,2030.7129230176106,64.05926158352206,4598.941693290735,268.9313695711698,-187.88089,25.71732,66.12353,8.367739,-4.653954,5.5950575,26.248602,4.4216514,2.7843442,4.8620114,1.4246489,3.7025437,-4.272522,5.228827,0.89844716,3.499724,1.2423524,3.421805,1.8497069,3.4301403,-1.6193718,3.0529556,5.1739264,3.0565705,-0.60494703,3.4252594
normal_035.wav,normal,0.16092533196884984,0.013547244440361173,0.014726078,0.0013042355,2222.8209353541506,74.42590732824856,2122.52252908011,53.83531864624158,4782.073682108627,168.2351301166074,-221.19633,9.564167,67.0753,3.819314,4.84475,5.058914,25.0957,3.1581218,4.8798523,3.018709,11.02692,3.2997575,3.047039,2.7243586,1.1408017,3.9444082,-0.09821544,3.1140318,1.7332177,2.8052375,-2.2300115,3.0466678,-1.1153625,3.5064633,-2.9926312,3.0176992
normal_036.wav,normal,0.16325753793929712,0.01922367862103024,0.01446994,0.0010143855,2222.1299925320723,99.07600125655783,2125.3038584250476,34.55955968937953,4791.558506389776,169.17861342038304,-222.89223,6.3768682,67.73624,4.3389764,5.5736437,2.7801285,25.286882,3.126757,4.220254,3.2737048,9.285634,3.136782,3.2593982,2.8342445,1.3345964,3.0060172,-0.031559903,2.9632218,2.0851965,2.9777937,-1.1117845,2.82639,1.0513525,3.4267373,-2.5143692,2.7641802
normal_037.wav,normal,0.207123290235623,0.02977496177934972,0.020143434,0.003941952,2291.359148902394,136.91464747998904,1963.2897479636038,87.84314156474176,4585.762779552716,218.14246788131913,-173.13976,19.610529,66.01372,10.3555155,-17.963743,10.34863,12.039745,5.1299624,-6.4029474,3.735131,-8.258223,3.3968236,-2.922637,3.5136929,5.114784,4.004547,-4.329548,2.8851848,-4.2461543,3.3682067,-7.193871,2.8380344,-1.354311,3.1129427,-4.6967716,3.723977
normal_038.wav,normal,0.21721963608226838,0.011687715664171322,0.014299153,0.00065972086,2408.618518180065,60.98890140492948,2035.728507759473,27.56844000785925,4828.724041533546,96.6182956173574,-198.59032,4.5836906,62.390556,3.1943402,-8.682152,3.3918848,10.78805,3.0012012,-12.829614,2.9705143,3.5322561,3.0691135,-0.36456513,2.980231,3.0303705,2.9642248,-6.0729094,2.596193,-4.1304483,2.6852064,-5.7623696,2.938143,-2.1543713,2.959494,-1.1677365,2.6854649
normal_039.wav,normal,0.16457418130990414,0.017371779445004308,0.015215917,0.001335196,2227.6603208477377,92.69204757708735,2116.40989355076,38.018017299518014,4814.022563897764,159.9411213318429,-213.2813,5.9633274,68.009476,4.265787,-0.43410388,2.8968642,19.534557,3.623031,6.436929,3.2306845,12.07963,2.8954895,3.7244322,3.0508487,6.5736766,3.0544245,3.5772955,2.8536322,4.3483005,2.6678073,1.0137172,2.679421,2.1883335,2.8697178,0.893823,2.7093775
normal_040.wav,normal,0.23052491014376997,0.02405226663249938,0.014329761,0.0031612962,2425.8507954047755,148.88267541936614,1924.502028314948,92.82250093118455,4650.609025559105,336.9117986555111,-206.11786,22.801773,54.514587,8.254381,-31.957405,9.637154,5.0624633,4.3798122,-2.6085124,4.5885053,3.4050105,4.3075256,-0.014523003,3.5537317,3.7253375,3.2340236,2.311628,4.358106,4.214116,3.361443,-0.027810436,3.2882545,-0.19249333,3.3586507,-1.5001571,3.3411045
normal_041.wav,normal,0.20673640924520767,0.050845790716630195,0.013520387,0.0047285287,2290.7105663814523,377.6447485522597,1961.4825590070793,175.33171333436007,4552.1166134185305,706.8953846177542,-221.15118,58.320187,67.75536,19.952328,-13.511204,10.901483,12.244065,6.4687734,-10.003485,5.8587227,-0.6097837,5.9642425,-1.5688045,4.470014,7.5895457,3.623502,-1.0085062,3.357368,-2.4120235,3.313349,-2.953658,3.0474896,-3.1452262,2.9596257,-1.7200851,4.131004
normal_042.wav,normal,0.1901707268370607,0.04432308142359605,0.020211875,0.0026267408,2243.480865300825,295.61943222395433,2035.496725991614,103.6239866636732,4577.076677316294,506.0833495487451,-181.63304,12.663871,69.32143,15.199051,-9.68862,7.209738,13.444308,7.714629,5.553575,6.1501207,6.4771395,6.7875676,-0.47708684,4.566938,0.4093582,3.622197,5.483969,4.987959,-0.21713759,3.3248825,-3.4483397,3.1906018,-3.387899,3.654788,-2.8327851,4.9779553
normal_043.wav,normal,0.17767977486022365,0.0238957416476279,0.014715847,0.0010524871,2216.2600151738916,140.3390939182061,2026.501941388566,46.584035880580096,4571.685303514377,148.27867918533067,-215.73665,10.505914,69.71228,6.934819,0.12169177,3.9263673,23.38131,3.6697385,-5.9151535,3.1280978,11.077607,3.2162497,-3.8741505,3.390922,2.3040216,4.254236,1.6365507,3.5529897,-1.8053626,3.2570071,1.0613604,2.8167257,1.6236912,2.7683642,5.5304437,2.8872082
normal_044.wav,normal,0.16660686651357828,0.02079811155053648,0.019963676,0.0048400406,2187.2306467875146,127.55609687889856,2116.7435477623403,88.17047801763135,4715.155750798722,327.81991476791933,-185.70619,14.919747,75.88428,6.3440385,-2.3284216,6.115983,10.241204,5.2899814,1.5017751,4.4243956,-1.0677586,3.840343,0.9358271,3.9000585,-5.12668,3.3403804,-0.9267017,3.3502963,-4.7033014,3.348283,-3.63195,3.2871344,-2.2445662,3.173605,-0.9102142,3.2018106
normal_045.wav,normal,0.2142166283945687,0.06782325936660484,0.014569966,0.002901324,2339.201983860103,380.7626095882631,1974.9910623852027,131.76708257040355,4548.77196485623,519.4669309388527,-215.49529,36.863037,63.072433,19.098944,-5.976995,5.881988,24.621508,5.4257975,-6.7014027,4.447959,13.283091,3.7373316,0.7428449,3.2862623,1.78999,2.9010692,5.1025844,3.8719387,-0.47214428,4.5993385,-1.2194414,3.113382,3.7695234,3.208703,-0.47572488,3.0082784
normal_046.wav,normal,0.23148119259185304,0.026226139914657973,0.02022918,0.0018892683,2453.5959464548155,102.06485935126916,1997.1208791953643,49.609421056698615,4695.76178115016,129.6534271841415,-171.12477,11.814455,54.26087,6.4306784,-10.656415,4.908345,31.710669,3.7691066,0.51819193,3.2995458,-1.4189433,3.3808675,-0.93867236,2.9637318,1.1187093,3.876016,3.1588504,3.1098652,0.7036288,3.3716908,-2.1431584,3.1777577,4.9079328,3.0209048,-1.2168267,2.8855073
normal_047.wav,normal,0.17715093350638977,0.027944209105058845,0.020039085,0.0038777736,2199.046590059288,147.36383790021733,2035.7942849359727,99.39311556828244,4597.31928913738,321.02661733316705,-183.00154,19.935823,70.50101,8.221242,-4.1702547,10.345436,21.794422,5.78002,1.5764668,3.6224995,3.6614358,3.1898034,2.066303,2.8006134,1.5493469,3.0306797,-1.0214515,3.387533,4.0011406,2.8884263,-1.931295,3.054196,2.0721688,2.8099768,-1.7029818,2.7993221
normal_048.wav,normal,0.19928427016773162,0.05305459289301038,0.019752057,0.0050808596,2347.7816291990575,249.5015451077952,2087.5104589289604,51.570563412579226,4849.965055910543,225.70012978888184,-187.1742,13.062895,60.452538,13.264896,-0.18132102,8.263294,25.449778,5.0708733,1.7855014,3.6131396,5.0997233,3.2483394,0.019406304,3.4710932,4.320246,4.2616,1.0784105,3.2019813,1.7754776,3.2974765,-0.10763891,2.9958808,1.8614223,3.4948921,-0.32042462,2.9550393
normal_049.wav,normal,0.23418779952076677,0.019753687796604774,0.014477121,0.0010330777,2431.612618194169,96.5599544384946,1959.0443772968506,43.99502417746435,4614.342052715655,146.85094026729212,-198.78992,7.714359,57.011993,5.617286,-16.000097,4.1182413,21.197634,4.2511306,-4.7966213,4.613934,9.970569,3.3657727,-1.5604755,3.1234605,4.6312137,3.0843155,3.5505617,3.3994143,-3.83835,3.1536658,0.6090284,3.2090847,5.0818706,2.8854623,0.37976664,3.1677737
normal_050.wav,normal,0.23196635383386582,0.02895836921826747,0.01427255,0.0011962017,2454.4273110458453,156.0259442534324,1986.10826235213,62.73247778570166,4791.483626198083,239.99150111721883,-203.21214,11.279184,54.66948,8.331987,-14.540407,4.205542,22.152946,4.348902,1.6012876,3.5843854,10.154025,3.420747,-3.0633967,4.1778865,5.0310783,5.3417463,-1.8633999,4.145417,3.993533,4.223187,5.008604,3.725259,2.595809,4.2270336,-3.9727108,4.0385137
normal_051.wav,normal,0.23975389376996806,0.01832823231811486,0.014348569,0.0011518121,2463.264133198198,85.60673787620011,1952.8019530961749,38.62198256577459,4726.762180511182,136.20256098439498,-193.58788,8.780696,56.029034,4.6721025,-19.8006,3.8358605,14.5850315,3.1996455,-9.025422,2.7851012,5.3494964,2.7507298,-3.383486,2.7267435,2.1870093,2.9710596,-2.07956,3.0212502,1.4373912,2.9047387,-1.7094637,2.9342158,1.6227031,2.913764,0.9282671,2.9979954
normal_052.wav,normal,0.18608819638578275,0.01870751949892582,0.015108346,0.0009297094,2317.8524502717405,93.46584394539867,2102.085565549686,29.2854059205602,4865.939496805112,153.46332715849184,-208.58093,3.9364922,63.394768,3.8803275,1.509537,2.6943095,25.53495,3.1433377,2.9795828,2.8966935,8.216825,2.9202836,-0.43306047,2.767674,4.048399,2.8186498,-1.4005376,2.7089903,2.5978954,2.618113,0.66791373,3.0915704,2.3270285,2.7888813,-0.09826013,2.8229697
normal_053.wav,normal,0.23609412440095848,0.01697650390337001,0.020340553,0.0017314925,2442.636695792308,77.42400370016644,1951.5884737236122,54.681710776815805,4666.658346645368,185.80621620052446,-168.9372,9.21981,53.25121,5.065066,-17.171247,5.8874216,30.417768,3.916237,4.666621,3.2863941,1.0876237,3.0729642,1.1965778,3.361482,3.7500656,3.2924454,-2.6282353,2.7903376,3.1703842,3.0624704,-1.4196603,3.0520296,4.17223,3.2945309,-0.72174543,3.218228
normal_054.wav,normal,0.17030563598242812,0.014648558611630464,0.020376058,0.0016065568,2208.938451086925,73.9415537753026,2099.97617564475,31.128754936598156,4811.451677316294,143.24930559864825,-176.99382,5.429291,73.21575,3.6468503,-3.2345438,3.3205364,11.010335,3.2195733,3.751366,3.2638204,5.433386,3.7381318,-1.6676275,3.0603516,-1.3627082,3.2127118,-3.5689757,3.4086664,-0.34166414,3.0584512,-3.2093499,3.1869342,-2.4036674,2.8479805,-3.524601,3.0926154
normal_055.wav,normal,0.16926823332667731,0.015754240822154056,0.014935923,0.0009794701,2187.5271784944666,69.06754716791286,2042.318183338641,22.91320334350948,4577.625798722045,102.95808824790775,-212.99925,4.6775455,68.38988,3.2672164,-2.131679,2.9337037,26.596704,2.8516965,3.2904825,3.100925,9.922169,2.850934,1.8006899,2.9338362,3.3730617,3.0782654,0.5008865,2.7919357,1.6058902,2.5620599,-0.76394135,2.7257442,0.6733986,2.8408859,-0.05912199,2.72556
normal_056.wav,normal,0.1683025908546326,0.056016558844037743,0.020076966,0.0036186632,2166.766560627057,343.4077256679314,2118.714301410024,110.30702946265848,4738.218849840256,647.7206642403041,-196.10695,13.578039,75.13112,14.819247,4.833642,7.1168995,16.078592,4.899604,3.9031932,6.016461,4.700021,4.4470296,0.74611145,3.1681905,1.0976007,3.6506994,0.49624172,3.9363596,-3.9069505,4.3016944,-4.3922596,4.6392713,3.7735698,5.0494733,-2.538654,4.0609126
normal_057.wav,normal,0.22427709414936103,0.08473618816283546,0.01466055,0.0033820083,2366.111076003557,542.4902633436218,1925.843289073346,163.4600633690979,4560.852635782748,813.4220491454507,-218.43706,28.951416,60.45608,23.112913,-7.723469,9.868238,30.592533,8.327703,-7.507237,4.4985714,11.068497,3.6736104,-1.3106744,3.368408,2.0551648,3.477512,-0.24910875,4.626212,8.832434,3.6970391,0.102468476,3.2936091,4.4984374,3.4254665,1.2187718,3.5578055
normal_058.wav,normal,0.1697830346445687,0.01418677752737819,0.0145516135,0.0008453132,2185.74013849714,68.95988255717545,2043.3258075702352,26.6272402330552,4572.309305111821,108.71293867300471,-214.61302,4.939677,69.49394,3.342531,-2.131706,3.134534,24.98808,3.2652645,2.204724,3.0076332,9.315925,2.8594623,1.7758231,2.771363,2.6197333,2.9055245,0.03419853,2.9210346,0.45184413,2.5722852,-0.3329915,2.7815228,0.104339845,2.817503,-1.1808556,2.6822278
normal_059.wav,normal,0.19557770067891375,0.02208794433471122,0.020419221,0.0023013868,2333.3432175256817,133.13180904034866,2095.9673070103954,71.43377690080484,4858.126996805112,305.36738727321597,-169.50832,12.225603,66.12712,6.078326,-6.1069884,6.080766,14.632525,3.571631,-0.03718601,3.6051123,1.7614937,3.5828674,1.8890951,3.747085,0.8273992,3.001236,-2.488699,2.9520698,-0.85803777,3.319155,0.86282504,3.161112,0.42582804,2.6845477,0.18555543,2.7678492
normal_060.wav,normal,0.17627577126597443,0.018023158162151536,0.0202462,0.0027845707,2203.2953338577076,100.3532132186695,2070.3722106021705,56.03245632557887,4579.747404153354,209.3975287835407,-179.50378,14.347341,72.37345,4.952027,-4.868632,6.060966,14.987628,6.7910795,-0.59986687,3.0689511,6.5843954,3.0576477,2.3591213,3.2745445,-2.751592,3.2104905,5.260013,2.8890388,-0.798737,2.6394405,-3.194747,2.8143327,-5.498532,3.5702057,-1.1283191,2.546619
normal_061.wav,normal,0.21047729882188498,0.022456002001368536,0.020306291,0.0023493567,2378.450459589056,120.43546987491348,2068.0883054336537,40.02388380293176,4862.095646964856,197.90710792473664,-172.72906,9.109897,61.291046,6.3763723,-1.9413568,4.348114,21.15832,4.950114,-3.6978061,3.717547,10.210161,3.7269697,2.4794488,3.4706147,-0.21737126,3.4403436,-2.855358,3.7270713,5.4452047,3.3834462,-3.202924,2.6622202,1.9165667,3.0820982,0.9761921,3.328043
normal_062.wav,normal,0.20361484125399362,0.02620620337875726,0.020276755,0.0021345902,2293.793993254524,113.35908741686347,1980.1203025551267,49.06799735120938,4541.009384984026,147.51872884046696,-171.25809,11.125577,64.30974,7.323486,-13.117701,5.9546747,22.514694,6.019072,0.079529196,3.3294685,1.6286829,3.3136191,-1.3429434,3.386169,-2.863689,3.5527372,-3.5082166,3.3884618,-0.8045081,3.4129038,-3.5600445,3.6649432,-1.7228091,3.614818,-3.068935,3.7839687
normal_063.wav,normal,0.16593450479233227,0.046829976820845005,0.014848649,0.0025644845,2144.4413756485874,359.41051419634766,2050.5546719952363,217.36264427036136,4608.102036741214,781.6089293916347,-221.10309,21.622528,75.57249,11.857905,-0.27269903,13.015441,17.226294,6.117372,1.258695,5.299812,9.769311,3.5490391,-1.9558146,3.9796393,0.58117044,3.5635302,-0.34516746,3.0959792,-0.023646906,3.7293868,1.5076579,3.7703688,6.68838,3.310341,2.8327293,3.582102
normal_064.wav,normal,0.16620282547923323,0.015599482692723174,0.020157883,0.0011473448,2181.1976555487454,85.27460826103366,2040.930316041075,36.07591947155851,4582.14357028754,151.27112981183612,-185.31555,5.4595337,71.477264,3.9312887,-0.9612849,3.8859882,21.750536,2.9023683,-2.5528045,2.8618498,8.555426,3.0088525,-0.85349476,2.7224574,4.3703485,2.6742465,3.0597575,3.1731298,0.64212584,3.044393,0.81160396,2.7683876,4.120057,2.6741562,-0.006310573,2.7320418
normal_065.wav,normal,0.1734771241014377,0.023374352725495734,0.015870597,0.0012468828,2167.9297569981304,145.12152930502162,2004.1480619085635,61.917368477214005,4575.104832268371,253.91007985951444,-214.26024,10.092118,68.925995,7.0458813,-2.0724404,3.8426447,28.24022,4.2137938,0.2780209,3.4925053,10.352293,3.4651964,-0.10759053,3.8783762,7.6564074,4.035531,-0.35943142,3.5086222,7.3320312,4.1582522,0.07943672,3.735627,0.5875103,2.9525647,4.161452,3.379589
normal_066.wav,normal,0.16161017372204473,0.032898453716416254,0.020340003,0.002863947,2140.924909825895,153.49896567396883,2104.6854934207154,66.02736487022987,4701.0782747603835,163.9682888660272,-190.48276,17.847715,73.57534,9.174744,1.5272032,6.1608953,21.599964,5.236029,8.11007,4.341331,3.4546807,3.5160158,2.395093,2.9050245,1.9379717,3.1394048,-0.98839945,3.4642277,0.046056755,2.8890724,0.88900346,3.1104724,0.5179447,2.9952395,-5.845145,3.0253448
normal_067.wav,normal,0.24377870407348243,0.014831582070581382,0.014362626,0.00083598576,2481.4484374767158,68.05205990324141,1959.6016256664273,29.720521339425925,4769.344049520767,108.30186394084934,-193.37465,6.1680264,54.947166,3.8479989,-19.676876,3.7659214,13.440545,3.2857087,-10.613082,2.8074071,5.2391906,2.9252183,-2.6565187,2.7469742,3.851538,2.9661853,-1.3268918,2.8124266,2.3857002,2.9714832,-1.1143258,2.7794826,2.4121034,2.8504584,1.0187372,2.8796306
normal_068.wav,normal,0.16493922224440893,0.02509239650865357,0.020554652,0.0014095685,2196.5371005282523,126.12921223358047,2151.4258265438407,49.384448325208055,4781.125199680511,175.84373341898683,-183.2663,11.073353,73.49893,7.4173346,-0.49201238,6.1427736,13.408871,3.5914965,6.5198545,4.077887,4.1291385,3.4706619,7.3155465,3.133255,3.9817436,3.3012729,3.5227835,3.4978034,-5.3210487,3.5712304,1.8625227,3.5547752,3.3209279,3.8035047,2.1675904,3.065432
normal_069.wav,normal,0.22331457168530353,0.032417581903515715,0.014363249,0.0022373288,2407.167153307369,174.3505269179609,1966.9666991969586,57.765370627455994,4546.825079872205,225.3997284135085,-207.90172,20.928667,57.28764,8.452472,-12.466405,7.2959905,24.715706,6.4423766,-3.0481884,4.1544623,12.566215,3.92264,-2.2026587,5.1099725,0.2699939,3.1833296,4.5883865,3.351382,0.6517392,3.6982608,3.33548,3.862142,1.6016867,3.7938695,-4.0597844,3.550923
normal_070.wav,normal,0.23255291533546327,0.03248863478139085,0.02029004,0.0026883036,2492.715532012615,134.0418367417269,1992.7224969616198,75.19309911181288,4719.3740015974445,200.2315865698645,-173.59201,12.583898,50.455322,8.129793,-15.644011,8.512447,29.082283,4.996215,2.8714297,4.1884203,1.2167988,3.9033728,3.5729527,3.7202632,3.2105927,3.8357599,1.1145304,3.972438,1.2389046,3.1160436,1.4476335,3.7766411,0.6147751,3.3163307,2.7066362,3.7316666
normal_071.wav,normal,0.17935833915734825,0.014161010471215665,0.014967498,0.0008453107,2299.6481804224,64.97787842805349,2129.643969192289,26.62478683851445,4880.441293929713,113.85809406076507,-209.02812,4.9457645,65.750114,3.0112305,2.124387,3.0978415,20.89772,3.4051065,1.9528441,2.9455276,7.502149,2.9344873,0.6241106,2.8634753,1.0235673,2.9497666,1.7019371,2.7401755,2.623472,2.7241797,1.0610167,2.9410741,3.2359853,2.783647,0.01404666,2.7978075
normal_072.wav,normal,0.1506823457468051,0.01934108163710695,0.020377373,0.0013376683,2135.840826729552,75.62709141544325,2111.217036793042,30.424848868224633,4723.467452076678,175.4862659559859,-193.86684,3.4642954,70.5495,3.1424484,-2.8479414,2.845846,17.922901,3.096523,17.295176,2.986797,17.978231,2.7851672,2.8433883,2.8506966,-5.1149783,2.9439013,-3.6606119,2.969297,3.4974046,2.7484188,2.7644427,2.7726834,3.4965377,2.707901,-1.3243393,2.7593951
normal_073.wav,normal,0.18291202825479233,0.017581740271134707,0.014564993,0.0008497748,2320.41436958703,66.69842065330099,2121.522706530809,22.225835996459004,4888.72803514377,91.7968578209727,-211.40318,3.6658187,63.53432,2.8770447,0.49689022,2.9725053,23.488398,2.7641697,5.431452,2.7944632,8.060766,2.8008475,0.4832362,2.9940617,2.476949,2.7848608,-1.3796197,2.6285903,0.3292172,2.5738127,-0.50075686,2.88903,1.1036668,2.863628,1.5696602,2.7582827
normal_074.wav,normal,0.15352935303514376,0.017187613290215807,0.020368524,0.0010736875,2128.4823724113808,65.74520015964845,2102.3054011702657,28.712222956590153,4690.694888178914,156.2048500512715,-193.17307,3.5488582,70.98508,2.849887,-3.6657612,2.9146452,17.701515,3.0790384,16.9632,2.5776727,17.981346,2.6958709,2.9171312,2.5457358,-6.075085,2.7710094,-4.3952255,2.7999306,2.8470373,2.6732574,2.776773,2.7777894,3.708906,2.8618674,-2.093174,2.882149
normal_075.wav,normal,0.15183362869408945,0.019334859920889208,0.02028163,0.0013909196,2122.0620033367522,77.56275501393583,2095.671871706786,33.95602855879483,4707.418130990415,182.5035461047153,-194.83092,3.552779,70.89756,3.137588,-2.43855,2.714602,18.371487,2.8363688,15.28708,2.8985252,18.406109,2.6659284,3.2872522,2.710888,-3.9928112,2.734699,-5.791975,2.6965349,4.0434947,2.8287652,2.9911227,2.6852298,5.2688727,2.6294682,-3.7395284,2.9357517
normal_076.wav,normal,0.2303299096445687,0.028550015349837303,0.019724121,0.0048142937,2396.1979155039435,115.79380174473171,1919.7104029057778,124.8543338933083,4567.96625399361,295.6025183227352,-174.23427,26.156351,56.58422,9.541998,-26.218138,13.539258,15.332581,5.1121674,1.6400392,5.225628,7.6889024,4.035078,-1.57636,5.1989436,-1.917352,4.378627,0.8331168,3.3611145,3.497801,3.4006784,-1.5646858,4.0235972,0.098860525,3.308244,-4.491525,3.0537016
normal_077.wav,normal,0.21331026607428116,0.03571836067017408,0.02047087,0.0027121191,2407.1320247291305,187.29543533609225,2051.1428487081835,58.69773824436662,4875.074880191693,246.0528284342142,-169.67358,20.855732,58.053265,10.061684,-12.94463,8.356213,18.009132,5.382327,7.553864,3.1254058,10.314765,4.1908927,0.7632328,3.17799,3.3977914,2.8591473,-2.8669047,2.9409168,1.2593193,2.9171724,2.4500842,3.4422755,-0.048104674,2.8613074,-2.636796,3.063027
normal_078.wav,normal,0.17450984674520767,0.018083134300086283,0.014516837,0.00094452506,2214.9754881641998,98.98458065479741,2014.675130942111,38.64421961269251,4518.670127795527,165.4516766265787,-217.57416,4.9673553,68.52582,4.5108047,-1.5251559,3.2496152,24.404467,3.112251,-5.969782,3.2870865,13.351518,3.0034964,-0.15961686,2.828316,4.375967,2.8278008,2.0309346,2.9319298,-1.1577018,2.782101,1.9236306,3.1033442,6.6957874,2.863236,1.7080386,2.9541113
normal_079.wav,normal,0.22965442791533547,0.02349008211712867,0.014564871,0.0010001493,2505.928993025575,99.43401240839245,2016.6680494785803,51.14146665535306,4785.018969648562,137.68089348775356,-209.14015,7.3467455,52.14925,5.2579284,-4.725831,3.5091672,29.673985,4.007508,-4.7760015,3.759395,10.92468,3.0468683,-1.158249,3.1843917,5.5361915,3.2066538,3.5246625,2.9906242,2.0255299,2.9181159,-1.0060104,3.0077128,2.6881938,2.848099,6.7382812,2.8903534
normal_080.wav,normal,0.16517166283945686,0.01610961522380894,0.020271594,0.0013538837,2130.551430579774,92.90207330004544,2110.03732798896,36.750513474027336,4781.749201277955,198.66910137315355,-210.4551,6.3731556,70.71638,4.1974254,-0.6255026,3.0477107,15.0976,3.5351448,16.288647,2.9076972,13.978347,2.8169003,4.14021,2.807116,4.9743533,2.6933522,5.408317,2.883411,2.8004186,2.965009,-8.252385,2.73919,-0.1818775,2.7221928,-0.40236893,2.680278
normal_081.wav,normal,0.15746212310303515,0.013639135703086806,0.020206846,0.003768597,2148.9697443659584,86.01062439886842,2143.386718371924,47.48193235979143,4761.880990415336,200.82239833241294,-188.8141,8.811419,76.31044,3.3966744,1.3056966,3.1501474,12.351776,3.8366482,4.350279,2.790503,4.7228537,2.8724577,5.880792,2.869744,0.69489986,3.1687593,3.85294,2.8618557,-0.5648315,2.9411964,-5.7226615,3.0242662,-6.1621847,3.0946817,-1.7465304,2.9146504
normal_082.wav,normal,0.18610223642172524,0.03608669013796909,0.0147133665,0.0025705139,2203.3845190155384,211.6160169446312,1995.0575527299995,115.31832314409472,4519.0944488817895,441.2407804934207,-214.82356,16.176525,70.14579,10.11347,-7.0444818,7.671726,21.118193,5.692394,-1.585505,4.325583,8.878437,6.08933,1.942526,4.260759,1.5677794,3.9586134,-1.9559863,4.1164255,4.1609597,4.092707,3.4787154,4.5369444,1.9178576,4.1818566,-1.8788053,4.9433136
normal_083.wav,normal,0.16795938997603835,0.013944166707122578,0.039892923,0.00217072,2231.705095335987,62.48699334144865,2119.2905807648062,23.14626474206909,4808.48142971246,96.3677327129754,-115.02373,3.7946472,68.99248,2.8568141,0.8056335,2.6984515,20.57258,2.986246,5.794425,2.972488,5.906428,2.9558446,-0.023668405,2.936144,0.5474895,3.2808225,-0.446572,2.715057,0.1954689,2.6899693,-0.9884975,2.8789344,1.3911476,2.8508685,1.2701745,2.6763945
normal_084.wav,normal,0.15647152056709265,0.02290311212599705,0.019761542,0.005060064,2118.24094680615,179.14770406269133,2093.543827155637,111.95726330954888,4654.852236421725,411.5989552477663,-191.92735,18.47684,76.61509,9.51452,2.4352176,8.912116,17.370148,7.2495747,4.0667543,4.438002,3.7594326,3.5907917,-2.1423504,3.300888,0.42182046,3.4637625,1.234709,3.5863044,0.25872242,2.662732,-1.1882814,2.9346955,0.73049414,3.633447,-1.6073225,2.978102
normal_085.wav,normal,0.2084212135583067,0.014491404001968489,0.014640924,0.00061882264,2403.3140017278447,72.80136910535367,2087.941788374863,40.979338406883834,4891.523562300319,146.32240907698576,-201.01146,4.497599,62.81734,3.4475536,-2.8371146,3.7497244,16.736067,3.3266792,-6.133987,3.3743298,2.2289836,3.1025796,-1.1267955,3.037879,2.0504775,3.5051522,-3.4797933,2.8774626,-4.240479,2.992078,-6.889198,3.5419316,0.35838285,3.4200141,6.768408,2.9884026
normal_086.wav,normal,0.17359256439696485,0.021795368561304745,0.015379257,0.0010993608,2294.3274899825146,113.13620239756285,2125.192250309934,42.954273988191595,4902.181509584664,168.68691494487567,-209.79488,7.78972,65.42004,5.271525,-0.17884529,4.4805613,19.623035,3.575218,5.428032,3.216478,9.92872,2.9807765,0.63096285,3.050962,3.157051,3.0368657,1.2657344,2.90052,4.721149,3.4319198,1.5666891,3.3024802,1.9980987,2.946454,2.0299304,3.4172773
normal_087.wav,normal,0.15284763128993611,0.013401086621521814,0.020532673,0.0010811742,2152.9865242509995,65.94667847132855,2159.399997999198,32.65759905841388,4753.020167731629,138.10518613438194,-187.70268,4.1850195,76.06681,3.1583612,2.4247303,3.1475036,15.391957,3.1901336,5.569008,2.8833802,1.2407304,2.748649,5.032239,2.8776116,-1.2813249,2.9117613,1.8501357,2.658733,-1.8908513,2.8579667,1.8834615,2.8965878,3.399949,2.852333,4.3325453,2.6324058
normal_088.wav,normal,0.14606161391773162,0.012578324099301041,0.020379819,0.0015020312,2112.457745962863,68.62434626238976,2116.207262280657,27.419886802270042,4698.6571485623,149.50538644274883,-195.51892,3.808248,71.57619,2.8972857,-1.7695092,2.7434747,18.619184,2.847066,18.094929,2.9528224,17.706598,2.916147,3.2048635,2.954727,-4.569033,2.6995692,-2.9743664,2.9583251,3.6844594,2.9148166,2.34597,2.8608909,2.2922988,2.8265646,-1.3631047,2.743409
normal_089.wav,normal,0.16524186301916932,0.01678050345007772,0.019796535,0.004488136,2174.395594365366,107.13654697774403,2152.082971674003,95.181765950514,4817.766573482428,336.7716861875298,-185.45619,19.140408,77.36588,5.0872564,0.2537009,6.767028,9.287849,3.1268458,5.492522,4.513314,3.125886,3.7488146,1.233505,3.4205613,-3.4027982,3.0344288,0.17982244,2.841858,-3.0575309,3.4605,0.7279973,3.5466053,-1.651811,3.1559386,-1.3433791,3.3460138
normal_090.wav,normal,0.2505428813897764,0.021391764416219514,0.014615976,0.0011581975,2475.7062738485183,77.79794539005101,1905.9388136384762,43.583110171824615,4615.664936102236,124.1901618023518,-197.29562,8.351545,53.237514,5.4783835,-22.042576,4.794673,21.71907,4.509453,-7.5976014,4.7567163,-0.5164553,3.7441044,-5.519331,3.8250458,2.6421332,3.5467873,-5.6637263,3.6854873,-1.6905662,3.4838705,0.3426115,3.7447217,-2.3155243,4.749361,1.4191113,3.1644714
normal_091.wav,normal,0.2519546850039936,0.03634576843692736,0.01399053,0.0034516184,2507.6627954224323,202.16526614022027,1912.3134434839521,52.284025087137486,4698.906749201278,287.9610627931829,-204.19217,29.70269,51.11189,12.372146,-24.69596,6.523048,15.905698,5.441779,-9.51197,4.399257,0.6482922,3.2104828,-2.2911167,3.3637688,4.5047665,3.3929727,-2.290713,4.3797064,3.6546311,3.9407976,-0.20214827,3.3492732,-1.7121558,3.4984617,-1.9749191,3.5045261
normal_092.wav,normal,0.15092570636980832,0.013826089832755996,0.02048593,0.0013230678,2133.380536830212,69.67055892558992,2120.3376284091028,28.001620511413247,4805.46126198083,164.86220268323223,-194.26224,3.4852254,70.783455,2.8425956,-2.669861,2.5660384,18.92641,2.624396,18.713772,2.557022,15.37473,2.8505177,4.584721,2.7860568,-0.8907092,2.7619233,-4.928686,2.7828398,3.4474802,2.8521476,1.4300648,2.7670996,3.5503204,2.781147,-4.442074,2.6863716
normal_093.wav,normal,0.15915940744808307,0.014309704135897997,0.020452939,0.0022500723,2141.909969634206,95.81137824484212,2149.093086044353,58.08007430730762,4773.237819488818,211.5729300296794,-183.6687,9.320916,77.99447,4.947619,1.2658575,5.067444,10.656395,4.7483783,6.5499396,4.004411,1.9858788,3.7448406,1.5289036,3.7996542,-0.25050825,3.0906308,2.5401275,3.181195,-0.7561002,3.273474,1.7642633,3.1730433,-0.3738645,3.178214,0.8834894,3.399415
normal_094.wav,normal,0.15098186651357828,0.026321330928994916,0.01421615,0.003271357,2112.4023976115623,219.4015547076509,2039.7952498830462,95.83553035564499,4580.870607028754,394.4578684595953,-230.20273,13.458009,73.31441,12.362602,2.7777374,3.4823487,24.052969,4.3322577,0.20326501,4.3132486,11.224659,4.4962335,-0.6529655,3.9216168,7.197565,3.1970608,2.225685,2.811421,5.352914,3.2298534,-2.171323,2.7486475,1.280058,3.350015,1.5222673,3.3004887
normal_095.wav,normal,0.16769106928913738,0.015187203176922568,0.020474842,0.0014598788,2275.474441403802,77.47292715063837,2158.548699568167,35.407150058866065,4879.068490415336,148.78595061193886,-182.98816,7.280622,67.79888,3.8980293,1.1046063,3.4776728,16.949171,3.0949078,7.0466833,4.0220766,8.790922,2.9352145,0.96954745,2.9005806,0.22616623,3.0349772,5.4598737,2.8787315,-0.77482706,2.8653514,-2.0829506,3.005951,-0.57176656,2.796601,2.5199826,2.6527205
normal_096.wav,normal,0.19612370207667731,0.035720304326211455,0.014260909,0.0021988777,2210.2420704685837,210.1866104195986,1946.9159505054595,99.39649091054625,4507.937300319489,337.19068861799104,-217.71431,17.770193,68.55645,10.082593,-2.615693,7.9018717,30.724329,4.758011,-9.062032,4.1423507,13.519703,3.1408708,-1.6511847,3.622262,3.8993087,4.1431904,-3.8919652,3.3510606,7.6859775,4.295217,-2.3557453,3.0503294,1.1490203,3.0290132,-0.813209,2.856461
normal_097.wav,normal,0.14355156749201278,0.01657065453278022,0.014360397,0.0010121092,2110.0335670062655,103.94550068320665,2122.1172067038447,46.86995527116907,4792.906349840256,216.1016760880445,-231.95116,4.8081975,72.2206,4.183233,3.3021908,3.1605458,19.799965,3.0136704,14.970843,3.027957,19.59476,2.7363565,3.363237,3.0921264,-1.6567874,2.9591568,-5.875896,2.5671387,4.7115154,2.906768,0.6095868,2.8930514,2.7597594,2.735952,-1.7025864,2.785336
normal_098.wav,normal,0.23523768220846644,0.027525443595249572,0.014713848,0.0020926713,2382.022671844433,188.82863482534313,1894.1638671273622,99.04802929586859,4529.12839456869,377.9936369472934,-200.41154,14.943263,58.84166,10.274583,-17.337534,9.747832,26.776058,4.6371474,-6.4528637,3.9027295,2.7296288,3.3252828,-6.6537743,3.8712597,5.2803707,3.3794816,1.4802998,3.3034177,7.168663,3.4842775,-2.7524967,3.3683796,-1.2587059,3.0102837,-2.1736896,4.2400904
normal_099.wav,normal,0.1419993635183706,0.014639107066877023,0.014398209,0.0009850787,2090.2317081617502,100.10570671035374,2110.289304276211,47.80460341638661,4747.004792332268,224.44259335664557,-231.77698,5.0699773,73.48877,4.136865,2.6543024,3.3327658,19.411049,3.3593516,14.309447,2.9729772,18.716312,2.8751686,3.4947147,2.8569267,-1.4943392,2.9597332,-5.9635215,2.8317885,5.023949,2.7157228,0.97110385,2.756754,3.4525177,2.8939915,-1.0768414,2.8079693
normal_100.wav,normal,0.24244022064696485,0.0519606728283429,0.014013446,0.004042097,2484.019811440119,300.7729398013647,2032.5912092247972,122.7618077514868,4866.788138977636,514.2335242549273,-206.76633,32.1827,56.214764,14.108755,-10.748491,10.153892,16.995026,4.4600987,-1.6290178,4.2682366,3.007304,3.924977,-6.1541424,4.317087,0.9254072,4.4370914,1.8868966,3.4454594,-0.18519841,3.735161,-2.9665236,3.2948189,1.4239196,2.9816613,0.9312717,3.097157
normal_101.wav,normal,0.14669497553913738,0.011913266269186863,0.02058217,0.0013641269,2106.606822904453,68.33765428554469,2115.468010093828,29.62882554858163,4652.805511182109,154.00820188088602,-194.40645,3.4430661,72.702934,2.8410087,-3.9514177,2.7832875,16.88732,2.6713996,17.55292,2.6636405,13.423641,2.9044938,5.3862796,3.032896,-2.6504436,2.9371047,-4.623142,2.9679704,1.3887455,2.8918157,7.81411,3.0274918,0.64954,3.0267034,-3.179947,2.7460096
normal_102.wav,normal,0.1407638403554313,0.015032967456010968,0.020593183,0.0016767463,2105.5306762196074,81.68738634172,2134.0857299785234,32.35106855070759,4717.876397763578,157.43676595415877,-198.52264,3.6949055,70.74036,3.3323798,1.7968231,2.9117808,23.755384,2.8906467,15.752118,2.856167,13.52755,2.9016244,5.505608,2.7855678,1.4402255,2.81361,-3.5839477,2.684747,2.226726,2.8691068,7.1380796,2.8986497,1.38619,3.024651,-4.6852565,2.7247548
normal_103.wav,normal,0.22844854482827476,0.020632034031724818,0.020162005,0.0034686204,2449.633432207297,101.09104390833782,2027.1644829189413,75.09990950785692,4884.235223642173,239.91660679528638,-168.68256,18.459723,57.422554,5.851357,-14.071601,8.985658,18.234863,5.8917584,-0.06483603,3.555672,-3.062348,3.645394,-5.0884185,3.7691815,1.1803818,3.0601342,-1.9971092,3.3616707,0.16626105,3.1360781,-2.0161164,3.6049752,2.5740194,4.4118247,-0.40510875,3.7033577
normal_104.wav,normal,0.14037227935303515,0.0166532410105065,0.014440779,0.0009416678,2088.116184546837,94.5435710241108,2113.212470775449,41.63410893184713,4751.822084664536,203.2583842790738,-232.02386,5.9109206,73.23581,3.8841193,3.1376855,2.847053,19.599192,2.917543,14.2422285,2.9052207,19.467722,2.9350307,4.067675,2.9225473,-0.47986567,3.1259146,-5.667846,3.2075536,4.0709505,2.6197507,0.008022607,2.9780788,2.8084834,2.8523643,-1.613691,2.7724488
normal_105.wav,normal,0.16727298821884984,0.0294669222488095,0.014134829,0.005401553,2158.7537627751085,207.3712114959961,2001.1085046678365,127.76567431347814,4518.9696485623,456.7603172862113,-226.07837,23.05952,72.66964,9.542762,-4.9198155,10.8628435,17.473717,7.941858,-2.391843,4.9963846,10.709578,3.4301503,-1.7195277,3.4311666,3.8207126,3.012332,1.178891,3.560653,2.154325,3.2272418,-1.0089829,4.8475266,6.8058076,4.160162,4.4395514,2.8344257
normal_106.wav,normal,0.1573154827276358,0.017863341913693206,0.020298593,0.0030707645,2113.8649434229587,120.81431327208146,2138.3579706913647,59.56710882256325,4671.550519169329,282.69965388259936,-186.7547,11.340773,79.76235,5.82938,1.624461,3.938699,11.457639,3.4945762,4.4752192,3.191613,-0.7890685,3.3049526,3.7096167,3.2364283,-1.1537013,2.9302695,0.38940775,3.4267623,-6.1604147,3.2885163,-1.1932676,3.5079858,0.87115693,3.2082653,3.8078747,3.075324
normal_107.wav,normal,0.147248776956869,0.018397920309762106,0.020220881,0.0012733131,2119.397541630667,80.90679250894937,2126.620143881729,33.03871585347968,4800.6938897763575,190.54853467973894,-199.11647,3.2484095,71.19824,3.120564,0.5147211,2.9469411,17.520983,3.0225885,17.418917,3.3025205,20.359272,2.909594,3.8155959,2.9155967,-4.6681037,3.0662832,-5.184303,2.9438174,4.4515133,2.7000427,1.4777331,2.944017,5.6674147,2.8335974,-4.035943,2.7487242
normal_108.wav,normal,0.1474468974640575,0.013222528880189165,0.020421427,0.001334982,2089.4890066966477,69.00145364941275,2093.0752998587204,28.125909460500587,4668.680111821086,147.54588590100835,-194.56775,4.0228243,72.80196,2.8056986,-2.9849432,2.8661118,18.991564,2.8399754,19.000118,2.938332,16.355442,2.6675882,2.0925157,2.9625764,-2.9234903,2.6376178,-4.8570766,2.5893323,3.8667905,2.9387913,1.123002,2.5613062,3.0196319,2.6902094,-3.4069965,2.5262876
normal_109.wav,normal,0.2126628644169329,0.02121607908961859,0.020545961,0.0010580366,2392.119013757712,101.38268105039502,2081.774236919308,36.620635120704,4914.012579872205,176.2253869616349,-176.6073,5.6069384,58.883026,4.637334,1.6988213,3.6309884,29.844408,3.0739682,-1.0878447,2.9191434,7.655942,3.025822,0.7651899,3.4154165,3.9788272,3.0033073,-2.9110384,3.367123,5.1594787,2.966658,-3.3172548,2.8401458,2.374995,2.7975004,-1.7896725,2.9442217
normal_110.wav,normal,0.14110080121805113,0.015447264941528205,0.0148344645,0.0010467706,2111.8334784619933,90.98869187441633,2128.283030499394,45.731909114262535,4807.532947284345,206.81366721405328,-229.8237,6.157179,71.830475,3.7729688,3.6898587,3.1160016,20.007675,2.9253652,14.873658,2.879167,19.448778,2.708237,4.138469,2.8833327,-0.6392322,2.7246685,-4.883638,2.8198776,4.6036882,2.7800114,0.14955768,2.789167,2.8716862,2.8743746,-2.0654483,2.9160857
normal_111.wav,normal,0.15246075029952078,0.01932500155188246,0.02036418,0.0015144827,2137.6358770908005,77.7445477072669,2124.3524984259443,27.86488525267505,4835.188698083067,181.3769100931494,-195.21489,3.5946338,71.05051,3.0817509,-1.7307101,3.0054893,17.455437,2.8728259,18.9484,2.5995615,17.48279,2.9608083,3.3132613,2.8710163,-4.326504,2.8214395,-6.0668764,3.006577,4.8280573,2.6854405,1.6834778,3.047498,5.2251368,2.9958153,-3.2541838,2.6139376
normal_112.wav,normal,0.1396047573881789,0.016386576006402042,0.0151525745,0.0011092045,2094.107459729268,107.6079305419395,2120.812101089986,47.91276554326004,4774.910143769968,229.73215150397183,-228.25519,5.4810715,73.07396,4.5719433,3.453504,3.1428561,19.317535,3.1504374,14.018765,2.8701112,18.388716,3.3231134,3.5440717,2.9409666,-0.62988734,2.8522518,-4.6091576,2.725433,5.7298136,2.8698897,2.1375835,2.7095592,5.28919,2.891478,-0.40411413,2.9216895
normal_113.wav,normal,0.16832911092252395,0.03333503337205921,0.039668694,0.0053564343,2213.24008630298,210.72706249702367,2134.1341059058527,78.81730824219906,4836.187100638977,365.62248278787274,-117.74296,19.233025,72.427055,9.176603,4.6194034,5.75143,17.07088,4.188202,2.4091663,3.2678232,1.9088229,3.602521,-2.5607455,3.3814082,3.7344277,3.359278,1.4578292,3.2671812,0.08512955,3.0206807,0.34507975,3.2389622,0.5834293,2.9772482,1.2742621,3.0595255
normal_114.wav,normal,0.14307420626996806,0.017485165563985723,0.020347925,0.0014916225,2093.899317211878,74.73335569188629,2119.1668074789663,34.35187021638682,4686.102236421725,180.35312454110584,-196.81186,4.090788,72.67724,2.9121237,-0.38943166,3.3017745,18.88752,3.3919592,17.08631,2.9353204,17.948092,2.6327713,3.9116032,2.8601904,-3.9789758,3.062576,-1.4803888,2.892086,3.9042735,2.7897115,2.3494916,2.7934785,4.018737,3.0177913,-1.329072,2.8394606
normal_115.wav,normal,0.13933955670926518,0.015981078063985216,0.014338985,0.0009571057,2078.483521297506,98.68490293218079,2109.570428023648,49.98557310010781,4730.231629392972,223.63747574833315,-233.81078,5.1676955,73.47418,4.1458483,3.002597,3.0920553,19.954428,2.8284912,14.708383,2.6284463,19.548525,2.9027944,4.0933533,2.6304467,-1.4570751,2.8168545,-5.68159,3.002606,5.141184,2.5872457,1.1062887,3.0737,3.6333055,2.9449542,-1.564531,2.8458626
normal_116.wav,normal,0.1462675344448882,0.019837481869898158,0.02027668,0.00121156,2094.802720664923,116.86762744379783,2095.772250178172,44.32057073024906,4637.255391373802,209.73217057711153,-191.49788,7.526909,76.234764,4.827644,3.094934,3.2114525,18.154448,3.6032557,3.5370798,4.0791974,6.163746,3.0975835,2.7310307,2.9814918,5.211136,3.1411052,-0.60746986,2.69269,-2.264246,2.745612,-1.9976608,2.9908984,3.9417853,3.2852361,1.7652135,2.5948296
normal_117.wav,normal,0.19417369708466453,0.05666917827598772,0.014821333,0.0034820773,2262.6531109493235,337.69879024085475,1967.0181589292692,78.06005464616705,4474.116413738019,435.36680157150386,-214.42258,23.546747,65.99961,15.192786,-4.939787,4.957921,27.85409,5.0682387,-4.7981515,4.728229,15.20259,3.2606142,-3.054773,2.9490197,1.3281658,3.4965627,2.9581969,3.0677176,2.687779,3.0187867,1.451232,2.7281342,4.0270357,3.0628233,3.0663075,3.0103464
normal_118.wav,normal,0.13887467551916932,0.015444311195653503,0.020555416,0.0016099287,2104.556425858603,88.08283406431856,2144.9149462970527,38.96976898190201,4743.235822683706,191.14940376544806,-201.35948,4.452904,70.70047,3.69833,3.2693489,2.93092,23.87581,2.8627753,16.492346,2.8910952,13.083925,2.7541807,5.127411,3.1908302,1.3714318,2.718463,-3.3957617,2.6957233,2.072982,2.6444135,6.938415,2.8502824,0.7686038,2.817355,-5.332172,2.5986037
normal_119.wav,normal,0.21100146016373802,0.027010632734616492,0.02025675,0.002664997,2425.3133490445252,110.85301038530966,2082.6398037051204,49.723602457084134,4905.301517571885,169.38442618068873,-179.47224,6.711106,57.778393,5.648557,-4.557741,5.08537,25.437716,3.7220833,4.4181333,3.6699991,-0.84009844,4.2966285,-3.4874551,4.0697184,0.75616604,3.567616,5.869408,4.1375084,6.159781,3.2766843,-2.7899022,4.1372824,-6.3052382,3.697492,0.07951638,3.8166728
normal_120.wav,normal,0.13914143620207667,0.01380652942401004,0.014334406,0.0009387903,2076.100176408146,102.16172224090363,2111.2591527129694,52.29822174248652,4731.0303514377,236.75353608417115,-234.32707,4.847438,73.627396,4.1304584,3.2860231,3.4336758,19.762074,3.2859,14.728375,2.8396106,19.661823,3.1166964,4.024241,3.025385,-1.0443541,2.9563477,-5.3736067,2.9882832,5.045289,2.6427262,0.90194887,3.015585,3.6656015,2.8172321,-1.1307625,2.7446136
normal_121.wav,normal,0.1917697309305112,0.01702913092645529,0.020158863,0.0009269944,2376.7510393955736,60.61111268210511,2115.770114782495,22.322803769353254,4913.563298722045,94.78709721941152,-176.19878,3.3195548,60.430836,2.7476375,-1.0216769,2.891396,24.17159,2.8412418,3.7630813,2.7823668,8.007391,2.6671882,2.4451177,2.7813861,3.9501445,2.823048,-0.76525545,2.716305,0.96692675,2.6685393,0.86533725,2.5679,0.14476527,2.7146142,-2.190599,2.8070223
normal_122.wav,normal,0.15560571835063897,0.015099309196612056,0.02059953,0.0013806494,2117.434957904791,72.9889867308067,2062.488811881776,30.24120579169578,4571.76018370607,145.67555918532068,-190.74168,3.5036354,70.49103,2.9570715,-6.545578,2.7682877,20.551645,2.722299,14.302933,2.9218624,15.492774,2.733775,3.7169023,2.7048194,-2.3466253,2.6144114,-6.0625887,2.6541495,2.2585285,2.7755566,7.377691,2.8519645,1.3858035,2.7806714,-4.830465,2.840491
normal_123.wav,normal,0.14494153105031948,0.012616528223504793,0.020528859,0.0011859196,2089.661911556695,69.41465868750696,2122.5410262038063,28.546000164039686,4706.419728434505,137.0706492672347,-193.85814,3.6372848,75.96083,2.8121934,2.8740792,2.8128262,21.080898,2.5662055,10.553697,2.9346607,4.4593368,2.715947,3.9859397,2.8228896,3.7247627,2.81998,-1.7531403,2.5569677,0.15034968,2.613232,0.43640497,2.7022948,0.807064,2.8720973,-4.123411,2.8159199
normal_124.wav,normal,0.14400552865415336,0.013573243424717264,0.02049479,0.0010887531,2093.9335934671526,68.69900916472031,2129.848232229005,29.136821636748135,4729.308107028754,136.53969894375294,-193.89441,3.4884,75.45481,3.0344307,2.5675797,2.695247,20.493423,2.8308828,11.386218,2.9182713,5.1507273,2.6037748,3.3830445,2.876354,3.0448518,2.8145247,-0.5487548,2.7247205,1.957341,2.69512,0.8768105,2.567273,-0.051064696,2.6008074,-3.846168,2.6718771
normal_125.wav,normal,0.13954391723242812,0.01469937816810571,0.014502293,0.0010334925,2074.2130355443487,98.93328091462112,2110.812511294777,47.177185479692206,4720.671924920128,213.35633983463566,-233.77092,4.856362,73.428444,3.9832134,2.894898,3.2770538,19.958773,3.371656,15.180889,2.7111385,19.703846,2.7635815,4.078624,2.8290708,-1.0648311,2.837791,-5.307394,3.038952,4.9247694,2.7766898,0.8728904,2.9819992,3.5293562,2.5987482,-0.8599217,2.9597666
normal_126.wav,normal,0.1383364741413738,0.014601022865687551,0.014822862,0.0010234236,2074.8085669644624,106.07836905725003,2116.4362788880394,47.57157388418185,4731.903953674121,219.94734094864356,-232.44998,4.3969107,73.22991,4.094631,4.2516537,3.2266147,20.562948,2.9198372,14.3748865,2.9482224,20.166628,3.05693,4.666186,3.0456438,-0.77941364,2.9758558,-5.042786,2.5782979,4.1362057,2.7956336,0.41476274,2.836111,3.3288238,2.6372278,-1.3986772,3.0191464
normal_127.wav,normal,0.1503469448881789,0.015251384927551848,0.020601599,0.001544735,2183.926326494764,85.3725878776245,2152.9676706775876,37.72463063448161,4874.126397763578,174.78604071691748,-196.75313,3.9646564,66.99453,3.2870505,1.205709,3.1773229,23.852255,2.9361398,16.729515,2.8232746,13.389204,2.7679417,4.7741904,2.566696,0.80573034,2.5970573,-4.442656,2.7602954,3.7000997,2.8014665,7.24478,2.6561725,1.9564227,2.9655745,-5.4840918,2.93794
normal_128.wav,normal,0.14629405451277955,0.0177120879030565,0.02034182,0.0012914437,2078.0426863697403,73.46232647334806,2104.8671470248114,32.28820652025083,4694.164337060703,186.93402895868758,-198.3591,4.1562624,73.6473,3.0547376,-1.1160117,2.9923642,18.042963,2.4818735,19.381815,2.7264106,17.423624,2.873539,3.403839,2.7048466,-4.41784,2.7297323,-5.709098,3.0339863,4.589013,3.1260931,2.005233,2.926942,4.9785447,3.001183,-3.4412675,2.8490126
normal_129.wav,normal,0.2529562075678914,0.019204703877563855,0.020342458,0.0027510095,2534.0144187849814,85.81327409177784,1950.8674062929915,56.57483039781511,4722.618809904154,177.90390206998453,-165.31842,13.375739,48.751816,6.2553873,-29.360876,4.2703695,13.112381,4.3326707,-2.3623803,4.3708134,-4.99949,3.5260637,-6.5035152,3.352764,-6.5794687,3.2302988,0.62427557,3.1486006,-1.3830963,3.1472456,-3.5102694,2.9543476,-4.0553694,3.1202807,-3.5062656,2.9156942
normal_130.wav,normal,0.24462110623003194,0.02111428367177798,0.01565878,0.0017433317,2542.3283891431356,103.55893881455,1942.1240700564858,36.92943289620518,4744.034544728434,118.80334408990886,-193.42128,14.650852,47.01858,7.73392,-22.52413,3.6726007,21.157892,5.9917984,-4.2593966,3.5732977,6.831409,4.126082,0.8583327,2.9776614,7.290779,3.187798,3.1085486,3.180964,4.013819,3.4801526,0.15409574,3.437068,3.2763422,3.5194426,5.675442,2.6706429
normal_131.wav,normal,0.1443487295327476,0.01590665673959152,0.020343944,0.0017194402,2089.7165819459947,74.67524375778304,2136.346000983109,31.091070760134038,4724.540734824282,143.0883639231187,-193.49164,3.8994184,76.31173,3.068363,4.5867085,2.6684878,18.94965,2.917925,9.015311,2.8265502,6.750734,2.7357671,2.4674227,2.6380146,-0.85329145,2.769243,1.2888898,2.5921402,3.128969,2.7993603,0.54057825,2.7464974,0.21650535,2.9353998,-3.7435918,2.8069694
normal_132.wav,normal,0.14035199930111822,0.014409555152719716,0.020487934,0.0013129251,2083.0542244177964,64.0043107119259,2127.293810104111,30.943101440510365,4706.294928115016,140.22192024312088,-195.88826,3.7286172,75.85723,2.8558364,3.2141514,2.6020746,21.105465,2.7192123,10.584615,3.0476933,3.9322755,2.5582461,3.894821,2.7285755,4.5981274,2.511729,-0.378966,2.522189,0.6839842,2.8867826,0.45470423,2.6998212,0.68700075,2.8854938,-3.372431,2.5965402
normal_133.wav,normal,0.1560222394169329,0.014972452175107136,0.020280832,0.0013887221,2178.986800001674,72.0187748146655,2138.9758350708694,32.52752085908737,4885.682907348243,178.76363609869833,-193.52682,3.5733957,68.87511,2.901288,-0.13344155,2.9839485,17.025476,2.8445477,15.387425,2.9248774,18.78545,3.0059156,4.5084195,2.7911737,-4.9937344,2.7970617,-5.691914,2.935872,4.4909315,2.958893,1.684546,2.734971,4.0257535,2.657958,-4.065728,2.7413392
normal_134.wav,normal,0.153228272264377,0.020765339672294127,0.020412536,0.0012789802,2128.246377030474,75.0154317855679,2129.996092752304,32.261719712115706,4843.325678913738,195.90917080603677,-196.66614,3.8297064,71.27455,2.9590528,-0.9031906,2.9568377,17.88959,2.8940237,19.650969,2.5459266,16.826601,2.6998227,3.0776162,2.6696188,-3.6121082,2.586993,-6.0916367,2.7407854,4.627464,3.3412278,1.6317592,2.772769,4.606643,2.612972,-3.589702,2.705476
normal_135.wav,normal,0.16768326926916932,0.018944333177955273,0.020099713,0.0040381104,2243.2137944309743,117.7718811612156,2164.251654904746,76.22706768084016,4900.359424920128,292.01999849290644,-186.12291,15.71741,71.408226,5.51307,2.2798877,5.0365806,16.38609,3.2939801,5.291509,3.8349788,0.5709339,3.478915,0.010539192,3.6439524,0.47683224,3.3109713,4.0007005,3.2543862,-0.49818358,3.1706707,0.68131,2.937105,0.16223237,2.9118443,-0.12145749,3.0747764
normal_136.wav,normal,0.17190776008386582,0.014699454159431267,0.020464592,0.0015751218,2138.3852580471475,86.49013686572773,2060.8701826281817,39.837105013946804,4538.363618210863,186.15225025850617,-174.91324,5.7314844,78.880066,4.74109,-10.171072,3.5983796,4.6829243,3.3293836,2.0239077,3.5529163,-0.8414051,3.344102,1.4491596,3.374714,-3.7400901,2.8749905,-0.5908197,3.2096596,-4.566449,2.997515,-2.5465229,2.9657829,-2.7468653,3.3523302,0.17943417,3.5852914
normal_137.wav,normal,0.2486895966453674,0.0199080168646748,0.020323975,0.0020759322,2546.682436674686,68.71319924028674,1981.0542268363324,50.03320456210618,4682.03374600639,169.79513818000115,-171.97377,8.690648,48.854008,4.3491616,-22.043852,5.4674277,16.599226,3.7470777,-2.779481,3.3581865,10.5535965,3.4212997,11.480469,2.8456533,-1.7319108,4.0802655,0.6724122,3.4861798,-8.22121,5.05897,3.3052242,3.212417,11.521244,3.6343613,-2.3350787,3.7124405
normal_138.wav,normal,0.14404920876597443,0.013005853683226995,0.020510199,0.0012649426,2077.487947131967,66.48696080009844,2117.1589012307936,30.207529947407256,4678.813897763578,138.49494909224896,-193.59685,3.6404984,76.739944,2.9024925,2.8151653,2.7932348,20.830048,2.7216,10.44414,3.1030252,4.1094866,2.8380072,3.5048203,2.9271438,4.0226045,3.0387383,-1.5398529,2.7482708,-0.43775535,3.031825,0.10592537,2.6618223,0.64442647,2.706564,-3.584046,2.7384276
normal_139.wav,normal,0.14745157747603835,0.013441275047402886,0.020554733,0.0010853854,2113.763282025238,69.30344570322848,2165.817892888417,32.58151739945382,4768.445487220447,141.71362420052546,-187.65875,3.2774594,78.02294,2.8551037,5.403101,2.574608,15.176954,2.7316785,8.115808,2.7632942,3.3511767,2.9059904,3.2475061,3.1095083,-0.5854974,2.9674282,1.8511564,2.7400365,-0.18771152,2.7220135,0.94726074,2.7130685,-1.2587386,2.8554497,0.003985158,2.7825532
normal_140.wav,normal,0.18515531399760382,0.0154487423115627,0.014790849,0.00075096666,2333.543877798499,65.45156570920523,2145.508859803308,23.780126750188263,4934.954073482428,98.6323130586185,-209.7083,3.4930658,63.919884,2.972398,3.6081483,2.7354538,22.83338,2.868428,2.9496508,2.653557,7.7760973,2.7106023,0.24245885,3.1941009,-0.2389589,3.2159848,0.96868116,2.7534447,3.3140347,2.9529848,1.0352641,2.8342063,2.814203,2.6837432,-0.66173327,2.5627418
normal_141.wav,normal,0.18576839556709265,0.01745317478674157,0.01515758,0.00204684,2327.895599621684,114.95617562195504,2131.5577805163166,67.80329493835877,4942.342252396166,230.47784847801773,-204.71344,15.809766,65.936005,6.403026,-0.7725744,7.382369,14.1508,6.010532,1.0765849,4.4728055,9.89608,3.6787689,3.1641665,3.56874,3.259293,2.970362,-0.7259585,2.7963197,0.31394812,2.6532645,-1.2114973,3.0802946,-0.13460466,3.0629392,0.2352612,3.4323368
normal_142.wav,normal,0.1415391623402556,0.025012735288459837,0.020354908,0.002944615,2079.351280901154,112.2521667194796,2125.953273545728,38.65411105863969,4757.163538338658,249.50492623748593,-203.63623,6.6901355,73.95714,4.876692,-0.23398831,3.723029,19.860186,3.0573418,19.190283,3.2603476,11.518099,2.7621891,4.20049,2.765458,-0.70445853,2.9406798,-4.8263803,2.972992,2.335335,2.8359008,0.5410286,2.9234338,4.0610514,2.6707761,-5.5609593,2.9170377
normal_143.wav,normal,0.14912858176916932,0.019009719766424574,0.020404464,0.0015885124,2095.665186762727,110.41608223528387,2137.007103533487,34.64043240822409,4642.097643769968,174.92811283919156,-189.35228,9.754634,78.447266,5.581571,2.4930913,3.1781952,16.275202,3.0937655,8.313659,2.9619184,2.4464602,3.125644,-1.2600353,2.902357,-3.298756,3.0847738,2.7899141,3.1826391,0.59165287,2.8495805,3.491817,2.9250484,-2.1003969,2.784204,0.6229913,2.9138348
normal_144.wav,normal,0.14141436202076677,0.012164618862970794,0.020349437,0.0011478465,2081.167645040875,62.94721176577917,2134.6239168061347,27.790627350096226,4709.414936102236,124.39725246275924,-194.82887,3.1484804,77.523674,2.6382678,5.1015787,2.843467,18.46486,2.6509395,9.098635,2.6612737,5.801894,2.6119308,1.3727148,2.5920582,-2.1345453,2.5272422,1.4568499,2.6230123,1.3522444,2.6626294,-1.2951123,2.4753149,1.6046131,2.856065,-0.26971632,2.7628028
normal_145.wav,normal,0.1327688198881789,0.015423323128793945,0.014909974,0.0010562357,2064.793647167161,92.75848957494323,2117.705569322633,45.70768912011514,4732.128594249201,205.6428990604012,-230.72359,4.913489,75.22589,3.9625587,3.60014,3.015577,17.572348,2.9940345,12.328067,2.8278425,17.093882,2.9215043,4.502043,2.9251292,0.60045725,2.7994783,-3.8532453,2.8975892,5.6222725,2.6575933,2.3971915,2.8471038,4.699449,2.9362402,0.35414982,2.816789
normal_146.wav,normal,0.20202987719648563,0.02213317580046391,0.014512585,0.00091152143,2283.476419767654,127.50205228407367,1946.263388972664,54.832236193424194,4462.360223642173,193.66800686045133,-208.05116,7.47639,64.59037,6.467416,-9.794897,3.7202778,27.085821,3.5823662,-7.0354214,2.9914322,10.458503,3.010375,-1.8700544,2.8583744,6.670064,2.6845653,4.289151,2.9232101,-0.4930281,2.97528,-1.3112413,3.148125,0.07252956,2.9314277,1.5226183,3.012435
normal_147.wav,normal,0.17952057957268372,0.015526026563265455,0.020386975,0.0009769363,2201.6610058437727,73.46263726354978,2032.7065184983448,29.231405786525865,4483.676118210863,130.7829321898852,-178.82152,5.3475733,71.02271,4.241597,-5.1022816,3.031061,20.152088,3.575067,-1.91483,3.5020912,6.5618353,3.4202304,4.717685,3.125077,-5.30028,3.1543214,0.13713713,3.3454804,-1.4996592,3.2472713,-2.7271428,3.3560767,4.777144,4.7438498,1.022867,4.8419433
normal_148.wav,normal,0.1463626946884984,0.013192475913782583,0.020561265,0.0014018572,2131.5576033602742,69.9533728563763,2180.516999248101,32.390220164879324,4798.3726038338655,142.5712426279929,-191.09824,3.3935592,76.16068,2.823637,5.2309475,2.6062772,16.830559,2.9146464,10.095963,3.0076547,4.8733463,3.0065343,3.9967527,2.7866955,-1.2471025,2.7891912,3.334886,2.7495015,0.20011081,2.7997084,1.099593,2.757941,-1.353054,2.7082212,-0.44379765,2.6586764
normal_149.wav,normal,0.1475046176118211,0.013661995914838158,0.020512745,0.0012267134,2126.0589839658614,70.29525669363613,2176.745592107843,30.953857942336192,4795.302515974441,135.98944680647602,-191.1348,3.536714,76.74129,2.9829674,4.8911824,3.172506,15.99762,2.790427,10.682563,2.382763,5.2523546,2.7019784,2.4244037,2.9689255,-2.5569313,2.6944306,2.6916885,2.8037689,1.0415386,2.614723,1.3959845,2.6505747,-1.5313869,2.6126628,-0.033917584,2.630461
normal_150.wav,normal,0.14978690345447285,0.014496813518864966,0.020553552,0.0012592893,2130.9512097109996,72.0259317691615,2177.1689593246188,34.9893546393571,4804.363019169329,161.6337730602121,-190.36353,3.5400596,76.20658,2.8227544,4.2277713,2.71253,16.756994,2.998908,11.149532,2.8157284,4.9788175,2.7395208,2.8256283,2.5349565,-2.3719108,2.5466278,2.9533508,2.3800428,1.6759394,2.6733837,2.394386,2.5283759,-2.0803034,2.8998134,-2.029022,2.9588435
normal_151.wav,normal,0.14862782048722045,0.012343778018465132,0.020580512,0.0012236098,2104.1993125983877,68.03981277552602,2168.1059801274196,30.27811708954795,4746.031349840256,134.59417235580293,-189.53279,4.1341443,77.838394,3.2239223,5.4369316,2.6014445,16.306995,3.2134051,8.733084,2.971881,2.068752,3.139939,2.4733105,2.5204446,-0.44209602,2.613802,4.0897207,2.887192,1.1594354,2.6139088,2.3962429,2.8608434,-0.5733238,2.7012396,0.49508047,2.7466903
normal_152.wav,normal,0.18413351138178913,0.03426270726282184,0.03969024,0.0037498702,2251.435438240581,163.79106089986723,2002.81444687696,63.50842186478393,4502.246405750799,297.08778100531913,-115.17007,7.722675,67.55593,6.013413,-5.1339045,4.5138435,23.16345,3.247113,-4.975203,3.263657,11.600292,3.4836879,-2.3897657,3.8445091,-0.7069919,3.1464462,1.0235304,3.187484,-1.7609314,3.1416633,1.1157633,2.8003552,5.138476,3.307257,5.0537953,3.3645155
normal_153.wav,normal,0.13555186701277955,0.015044636133453937,0.014674211,0.00092754554,2057.9795453995375,96.43180448453508,2109.549305078314,46.55769932353853,4702.001797124601,212.12554917191562,-234.0618,4.140233,73.985,3.9001014,3.9819095,3.4054768,20.480944,2.8943317,14.986755,2.8094304,20.1859,3.0173104,4.203494,2.983198,-0.96950924,2.9649491,-5.670356,2.7563152,4.19527,2.7741568,0.7204679,2.8678071,3.6048346,2.914721,-1.6893287,2.9514425
normal_154.wav,normal,0.1430835662939297,0.01359876643216598,0.020516174,0.0012367164,2071.1520895310605,64.18419004081852,2119.867821695481,29.632455752839558,4687.475039936102,137.90791516296318,-193.36914,3.883298,77.70114,2.876413,3.547708,2.8835928,20.101837,2.5897453,10.395913,2.5555093,3.4097402,2.746421,1.5670757,2.8082814,1.5347848,2.7426753,-2.544297,2.6584136,0.4458351,2.5710356,1.1148142,2.7300577,0.75127757,2.7768257,-3.8629606,2.6340315
normal_155.wav,normal,0.1448822508985623,0.013255741771793113,0.02034641,0.0013079674,2087.2631140121384,69.71466660212893,2147.705398405908,28.015901883896927,4757.063698083067,127.00346684094458,-194.0426,3.806286,76.68504,2.801879,5.2336545,3.0149353,18.281263,2.9393752,10.1758,2.7068424,7.864445,2.723309,3.0596588,2.7380676,-0.68145937,2.7748728,1.8239197,2.8513753,2.5205498,2.7301807,-0.15603292,3.2083178,1.0349745,2.9594557,-3.1072772,2.656574
normal_156.wav,normal,0.14723941693290735,0.014599986282615208,0.02046391,0.0013080704,2126.1192372122614,71.41718740335249,2183.561267851087,33.11183407684309,4797.299321086262,147.6875106086317,-191.62096,5.5177593,76.97246,3.0219924,6.8097777,2.6756744,16.867369,2.8551676,9.525989,3.0895214,4.740395,2.7450442,2.49316,2.4768739,-1.9006062,2.6192844,2.7098234,2.8137608,0.23568407,2.8336616,2.4800088,2.7730155,-1.4917518,2.6238124,-1.0144749,2.7726748
normal_157.wav,normal,0.23266367561900958,0.13631958695932267,0.013775004,0.004562982,2302.9411114611316,726.5228702001131,1917.947159270869,208.99275281810932,4458.466453674121,1067.691279001208,-231.91753,37.880825,67.25051,35.87685,-4.4050603,14.375983,21.543787,5.0951214,-2.178098,7.4812245,12.697979,4.2198052,-4.1979733,4.1206946,1.5778291,3.4970858,-3.015886,3.3942916,-4.003754,3.4018805,-5.9907293,3.79577,-0.9760273,3.7816613,3.6723087,3.8233447
normal_158.wav,normal,0.20410000249600638,0.033633885660596836,0.020300047,0.0019414022,2433.1211635791033,191.60513047976474,2121.6172764851344,57.44292229461424,4909.245207667732,259.67287377544295,-177.03886,12.326723,60.325924,9.96631,-1.8571432,5.5263205,17.810488,3.879411,-1.1494683,4.1701446,6.482502,4.7193217,-1.2896829,3.3410652,1.8015188,3.687995,5.214559,3.3369968,-2.440033,4.3069654,0.58247846,2.9869103,4.135293,2.7575111,2.9662418,3.6904755
normal_159.wav,normal,0.15952600838658146,0.039021748434424325,0.014360888,0.0011146982,2099.799528581776,226.30100858415275,2046.6608646187556,124.83457513283012,4540.210662939297,471.52302266186274,-223.36272,10.010898,76.98374,7.8002114,1.1243263,7.246235,16.62065,5.1012683,0.53402174,3.3883998,10.665571,3.0332167,-1.2892137,3.3028986,-1.5348071,3.1813412,-1.6869328,3.5573883,-0.48477817,2.9818702,0.28958914,3.1814873,6.290493,3.025254,1.1320268,3.2141137
normal_160.wav,normal,0.14804437899361023,0.012909361916284952,0.020530654,0.001150278,2093.6725951300728,67.1621838980694,2164.0268565734605,33.09918483406346,4741.838059105431,139.16794700192474,-188.68274,3.9625945,79.90313,2.986224,4.657997,2.9878263,12.973482,2.8702574,7.88614,2.6993678,2.254636,2.665388,2.854088,2.8084254,-0.24310386,2.8760653,3.263221,3.0028296,-0.20749481,2.855504,1.5879455,2.8584998,-2.645484,3.2552705,-0.86222875,3.0483167
normal_161.wav,normal,0.21458946934904152,0.027210128345406617,0.014955286,0.0027060416,2460.0142841713746,134.1535715704647,2089.9204644711817,46.704819956891704,4918.829872204473,160.67542846037836,-208.91446,20.43757,56.785824,6.212835,4.1795363,4.911776,26.83162,4.314771,-5.5581985,3.951914,11.488564,3.5222769,-1.266029,3.610732,3.7223482,3.1672926,-1.1691806,3.3147547,4.42012,3.190421,1.7965035,3.3376234,1.2476324,3.9333022,0.92059743,3.1167727
normal_162.wav,normal,0.22294173073083068,0.02346056381486242,0.0146836275,0.0008445121,2334.098233373643,134.28700593316162,1924.4823630619642,53.913262973202315,4459.839257188499,215.3412700291862,-217.45999,5.9901857,59.841217,6.5901237,-9.889121,5.1371665,32.4242,2.9566505,2.2020223,3.5266383,18.301517,3.1165116,-7.3766885,3.8065863,10.200307,4.073688,5.154088,6.4126196,-6.1627855,6.5803547,-0.97521603,7.0894327,1.6272821,5.795792,-4.4150853,4.610904
normal_163.wav,normal,0.14986490365415336,0.015607688008914692,0.020322386,0.0012423651,2142.5104219849636,72.76118655284009,2156.0220505658413,32.50850579725934,4862.644768370607,183.21945742676635,-197.0074,3.55508,71.338326,2.8372285,1.0129433,2.9907894,17.940449,3.1562998,17.944262,2.6788406,17.084538,2.5873408,5.860494,2.9831421,-7.078245,2.616842,-4.692338,2.7324686,3.0536292,2.832851,2.423596,3.1345532,3.8697002,2.8740215,-3.7402928,2.8884876
normal_164.wav,normal,0.1355113069089457,0.01520568038205427,0.014632093,0.0010955203,2051.266670379843,93.24613805280208,2109.982635883322,46.434155893893994,4700.7288338658145,214.68590171003098,-234.31772,4.7609363,74.48295,3.8873506,3.7853618,3.4355922,20.1891,3.112154,15.013971,3.0216625,19.420008,3.0053034,4.347881,3.0315433,-0.58748835,3.137831,-5.2134657,2.9351323,4.8878093,2.9132097,0.8504683,3.2192593,3.500511,2.6546898,-0.9678527,2.824351
normal_165.wav,normal,0.14655457517971246,0.015349138287441819,0.020547282,0.0012136954,2148.1750072990462,71.19091619997944,2187.918231751693,31.485649988006042,4836.137180511182,141.72435058034978,-192.0832,3.642337,74.76543,2.9302135,5.5372376,2.85657,17.527557,2.7850614,11.127563,2.6715949,5.2395244,2.7770748,3.5398028,2.8315759,-0.49895227,2.7020621,3.0507402,2.7552185,-0.16059266,2.6824863,1.2265098,2.7844305,-1.5056528,2.8920784,-0.5488406,2.5810878
normal_166.wav,normal,0.14609593400559107,0.013724616004682902,0.020536264,0.0013322765,2142.1839753506865,65.70697258371604,2183.486279935636,26.30309472057445,4835.188698083067,122.6067607439089,-191.88872,3.9877057,75.5138,2.8463814,5.9806223,2.7427747,16.885464,2.756179,10.1356,2.9624395,5.2055836,2.810153,3.097854,2.7849557,-0.22459608,2.6420782,2.4972665,2.5015705,-0.44060948,2.8710818,0.87185854,2.598721,-1.2871659,2.7284932,-1.0855795,2.8296762
normal_167.wav,normal,0.14938598242811502,0.012403936966228558,0.020439386,0.0019454992,2139.3663933492967,84.4747693730073,2179.4730202067162,49.60058216850452,4840.629992012779,212.12580175054293,-197.04224,5.202188,77.03006,3.8012288,3.1824584,3.6068876,11.518429,3.6473715,9.643479,2.6954553,2.5934668,2.947188,3.1494744,2.8932264,0.052994687,2.9133344,5.454337,3.0444129,1.615577,3.4781456,1.2797536,3.96802,-4.521954,4.283905,-3.559142,4.2421494
normal_168.wav,normal,0.15601131938897764,0.015572070354991708,0.01897973,0.0073778555,2083.689010592599,138.80635402677353,2095.9616736424505,193.8531436151649,4583.865814696485,689.9721312114987,-204.06995,18.897263,80.3959,6.2338963,-3.0991955,16.14713,10.836866,5.941479,9.01442,4.4234266,1.9939955,4.423235,3.966034,3.6463485,1.5822812,5.944591,4.606508,3.5500467,-0.34658003,3.235121,-0.75259966,3.9002705,3.1496894,4.2722087,-0.9005705,2.9420588
normal_169.wav,normal,0.13962659744408945,0.013309364945012166,0.020421574,0.0011637736,2070.6874438389614,66.03089603498995,2141.00656562684,29.920736346665937,4732.103634185303,140.6669704151132,-196.63914,3.8466818,76.66155,2.8030586,5.282109,2.5017717,20.56626,2.9512618,11.193035,2.8448308,4.810061,2.726293,3.6988904,2.5352712,3.7219043,2.8380182,-0.84152716,2.8381317,0.26181504,3.1437845,0.040552717,2.9752545,1.4167527,2.9515302,-2.1618688,2.7273746
normal_170.wav,normal,0.1421038837859425,0.012485703809546035,0.020542404,0.0013174606,2062.4010209728945,66.50905850571658,2113.8445718586904,31.689729321213456,4661.541533546326,139.31571853568673,-194.69127,3.5941534,77.28371,2.9473555,3.300846,2.7516313,21.172031,3.108825,10.546671,2.973418,3.5882607,2.699575,2.7407677,2.8233433,3.0049436,3.212321,-1.610537,3.0296195,0.7232775,2.8773584,0.65145165,2.8903186,0.15087052,2.9966333,-4.4226203,2.9007144
normal_171.wav,normal,0.1365206294928115,0.01347284820784088,0.020303376,0.001286734,2067.130126785368,70.71969509600046,2134.254214663124,30.221416051905173,4678.838857827476,144.1692512893288,-197.24689,3.6314294,77.74944,2.7941604,4.7972198,2.757743,19.066761,3.0410085,9.922429,2.8811243,7.290278,2.7955556,3.9331214,2.8041673,-0.25558573,2.6801462,1.581502,2.9067852,0.11023116,2.5931582,-1.7895794,2.7211132,0.16065276,2.8637898,-1.5105084,2.7858896
normal_172.wav,normal,0.13927247653753994,0.01282441947633829,0.020339167,0.0010401789,2071.078287301044,63.33630706214529,2145.6643257964956,31.23261516597141,4725.339456869009,136.95180606392114,-197.0289,3.6807487,77.78651,2.6013954,6.3491545,2.7224474,19.069513,2.64807,9.822157,2.8771334,5.1428604,2.7068028,1.4319271,2.776928,-1.4773524,2.898725,1.5836624,3.054046,0.8732219,2.778838,-1.295933,2.9389288,1.5190368,2.7276902,-0.54390466,2.6199265
normal_173.wav,normal,0.15494427665734825,0.0557305881197509,0.019260643,0.0068439785,2298.135167000261,233.03746988024423,2193.783909638704,62.0419168345599,4919.054512779553,400.5089893064546,-207.96793,11.949108,65.724266,9.550964,2.153229,4.3932962,20.128504,4.2440577,6.4363074,3.7533364,3.5371046,3.5969484,3.786969,3.8238096,-0.27929142,2.8845093,6.006474,3.5060194,2.2827346,3.2950459,7.8297925,3.15012,3.311394,2.907146,3.4906,2.9392536
normal_174.wav,normal,0.12857708915734825,0.015341251389782644,0.014454369,0.0010656501,2047.8093481256033,94.29869073600227,2114.0182849587577,47.31771437802821,4693.615215654952,204.3917223855356,-238.68753,5.7333922,74.37539,3.7623885,3.5129285,3.4338906,19.042116,2.836515,14.281629,3.0703578,19.781069,2.9961631,6.040344,2.6690779,0.16608974,2.8612022,-4.2470837,2.8589568,5.883029,2.628584,2.866276,2.7687972,4.474298,3.0561802,-0.575385,2.9356792
normal_175.wav,normal,0.2447193864816294,0.03974298677133408,0.014727171,0.001482734,2569.7384532095593,174.94418676173674,1984.9843507292424,49.270308608987236,4780.775758785942,152.17315590116493,-210.05536,9.672442,47.261555,9.664046,-6.207684,4.677244,33.358852,5.1237755,-3.929934,3.4661467,10.708793,3.7308345,0.80233747,3.4389884,4.809101,3.1915107,0.63958985,3.0720143,0.91439605,3.0408492,-0.7231053,3.3088377,1.2438668,3.2034364,4.6641684,3.1782315
normal_176.wav,normal,0.14432688947683706,0.012156794733343216,0.020497538,0.0011787204,2126.1014244466255,67.79407869550847,2186.9401493317955,31.33517517483684,4814.84624600639,139.63543625738745,-192.84607,3.8867652,76.4553,2.975335,7.3556433,2.6700146,17.474142,2.8292081,10.104953,2.9665418,4.4973707,2.730607,2.6285946,2.6138742,-1.3976041,2.7226593,2.275548,2.8277576,-0.87763005,2.7625694,0.5793378,2.8455281,-1.5084481,2.8000093,-0.07759578,2.5532198
normal_177.wav,normal,0.16658970646964857,0.04327263260740535,0.020193022,0.002930896,2110.4099625697622,313.55518156596185,2052.0425226386387,137.2745562818903,4531.92392172524,596.1483293915344,-188.68968,17.903307,79.211266,15.374043,-4.336292,12.773821,9.922113,8.342585,7.2002735,5.6570945,2.067703,4.9569435,-0.5901678,3.9771266,2.6528125,4.7941475,-0.34306744,3.3590498,1.1754951,3.8332174,-1.4177449,3.8381853,4.5142016,4.054121,-2.8453155,2.9882557
normal_178.wav,normal,0.14278248552316294,0.012956981658402278,0.020501664,0.0011845223,2107.493444114181,67.78320981561825,2182.741120704963,30.618467501033827,4784.619608626198,137.22025714170093,-194.67825,3.7234993,77.091644,2.994829,7.887093,2.975731,17.812325,2.9432433,10.022625,2.7890682,4.426099,2.7544332,2.7601378,2.687846,-0.4030236,2.49097,2.764351,2.4647093,-0.40369818,2.6633372,1.0483283,2.8785434,-1.5133178,2.5881615,-0.56609744,2.7430916
normal_179.wav,normal,0.14669341553514376,0.015731609494482407,0.020299282,0.0017586063,2108.7686097864876,73.9732213099058,2155.4312493935345,48.18057462814126,4830.271565495208,196.9883032253771,-192.46,10.519045,78.764465,3.3766954,5.200568,4.523711,11.872814,2.9173677,5.1820498,2.886285,3.8713942,2.998756,4.8788967,3.4259884,2.595062,2.9425967,-1.1739467,2.8088913,-4.2327375,3.0022476,-2.8670373,2.754498,2.9615772,2.774686,-0.18828836,2.9706368
normal_180.wav,normal,0.13873115515175719,0.014051788946668026,0.020324107,0.0012909637,2070.387922570838,68.65067561455558,2148.5510409674516,29.89431362218126,4713.233825878594,143.32183883240248,-197.53464,3.9925044,77.95514,3.016615,6.7305574,2.952909,19.18216,2.8113365,9.257489,2.8296235,5.385708,2.909794,3.412504,2.8916652,-1.3162642,2.5257473,1.4678078,2.785804,0.23058921,2.6504312,-1.0927325,2.5669298,0.9885752,2.5945523,-2.1675406,2.879328
normal_181.wav,normal,0.13908995607028754,0.013769542600170527,0.020311035,0.0011281435,2066.3202862263443,64.99764364419609,2122.9027398911285,30.879805015145187,4650.009984025559,145.8207692181849,-194.70398,3.5899081,77.96215,2.6684957,4.039024,2.7056015,19.291534,2.6349518,8.612017,2.6746912,6.707067,2.7344337,3.6935782,2.3566575,-0.9937381,2.5977008,1.7120435,2.776549,1.2354159,2.8184311,-1.4872079,2.8361557,0.75230026,2.554944,-1.7460549,2.6617894
normal_182.wav,normal,0.2295717477036741,0.031220744641668612,0.014908426,0.0031104125,2522.7848980571725,186.0931224378611,2043.136948999593,62.9054506666612,4879.642571884984,312.3200702703317,-204.09369,17.801123,51.08259,9.307221,-7.316099,4.5382547,26.30404,5.2964225,-1.6856931,4.0715795,9.701426,4.371724,0.8402707,4.004846,3.0060546,3.393481,4.066091,3.296046,4.847314,3.5213633,0.0052963477,3.3990178,4.9954333,3.0899289,3.4831164,3.2776482
normal_183.wav,normal,0.1370557108626198,0.014630719160590366,0.020317534,0.0013518358,2065.9600436109095,67.4045065607381,2142.341142431031,27.790280565959076,4695.387380191693,133.70364676116372,-198.46138,3.5920646,77.02789,2.9297283,5.068229,2.923776,19.882809,2.8404877,10.507421,2.93665,7.411993,3.0224962,5.1021156,2.9811337,0.45918882,2.9253364,2.2312331,2.7208157,1.7047068,2.772599,-0.875225,2.725105,1.0144757,2.6894922,-1.461604,2.6865735
normal_184.wav,normal,0.14282928564297126,0.013885601593650392,0.020509643,0.001216576,2141.3578132492707,72.0429833706026,2189.4602742091306,29.920788237993108,4838.782947284345,138.21122368489347,-193.57681,3.6251493,74.9463,2.8830817,5.626521,2.699152,17.233616,3.08408,11.721254,2.7513196,6.391571,2.8032806,4.404241,2.4833875,0.13592051,2.6381314,3.0337198,2.709309,-0.1946322,2.8306613,0.6021713,2.6904938,-2.473659,2.7089207,-1.9921374,2.757536
normal_185.wav,normal,0.1399978783945687,0.013490143892961132,0.020493863,0.0011905524,2098.4476148352887,68.65560805674062,2157.3510525665365,29.470336330307376,4817.142571884984,142.64437833599138,-197.00311,3.5875418,75.47055,3.0679097,4.7941885,2.7280862,20.844149,2.7639344,12.586956,2.6189184,4.119968,2.6462023,3.6884134,2.681792,3.6427634,2.592793,-0.9271165,2.6141584,1.9139439,2.7727005,0.80467343,2.754301,0.7996711,2.4973316,-3.8131933,2.7518737
normal_186.wav,normal,0.16263665634984026,0.01817234463550801,0.020461159,0.002264762,2213.5187462243107,95.180845379265,2179.271328612001,43.99586757339295,4905.551118210863,223.395611693313,-184.7954,9.802071,73.14123,4.784886,4.432909,3.3253818,16.712385,3.410385,5.490789,3.8120115,-0.029370489,3.0726027,2.3434365,2.7829912,-0.13222657,3.6747115,4.2725987,3.5756996,0.28056014,3.1784408,0.8656029,3.2257733,1.5182216,3.0381951,2.7140756,3.1399386
normal_187.wav,normal,0.1405345197683706,0.014728073795188085,0.020500414,0.0012163456,2126.2856851945603,67.35114100631351,2191.1436144339505,32.44591358153534,4818.290734824282,146.78290987648487,-195.53287,4.0115123,75.63495,2.8002534,6.5605483,2.5058928,17.499763,2.8836045,11.291108,2.7469077,6.2234783,2.960693,3.9954326,2.6542788,0.63908845,2.7494879,4.0883455,2.7655663,0.30588466,2.6732125,1.5644523,2.5577052,-0.90176404,2.6839411,0.22398011,2.3682349
normal_188.wav,normal,0.14360616763178913,0.0120665880332464,0.020437228,0.0012554905,2127.737644768019,65.80340961267537,2190.3359915429382,30.569332379898277,4822.134584664536,139.46370426850834,-193.48454,3.3668053,76.16812,2.631295,6.5519347,2.763322,17.613953,2.983039,10.311521,2.9026232,4.3150883,2.7204425,3.7801237,2.7217648,-0.41831937,2.8863585,2.4217296,2.9701421,-1.1643903,2.7715032,1.5239271,2.9241614,-0.7248736,2.5980287,-0.19327769,2.6675367
normal_189.wav,normal,0.14514589157348243,0.01357026536937124,0.020527033,0.0013384899,2124.675527119658,69.67365676480475,2190.260491070873,30.423042449579757,4816.917931309904,145.9908952471406,-193.46718,3.786993,76.02054,2.836206,6.0831847,2.7036333,17.261612,3.0169597,11.640291,2.77147,5.5479517,2.5982804,3.3514,2.3958247,-0.74682873,2.521855,3.8256235,2.609604,0.03496725,2.7348602,0.5254851,2.6230679,-2.1931639,2.813933,-0.14668627,2.6046405
normal_190.wav,normal,0.15093038638178913,0.028044917376078782,0.020168828,0.0037828865,2128.658097442502,121.734811909508,2184.8883755153447,117.13794749495274,4833.940694888179,310.6981652744806,-194.6789,23.45874,78.21521,7.9211397,5.9500995,11.991128,14.928961,4.0096574,8.471948,3.9522626,0.063817985,2.883254,2.9306388,2.8314297,-2.607657,3.122083,1.5831909,2.8086846,-0.008819482,3.5702636,2.6198993,2.7106502,-1.5512171,2.7647374,-0.15259694,2.964212
normal_191.wav,normal,0.12586112220447285,0.014986146678143802,0.014420217,0.001184293,2043.0972713550918,89.0187576944147,2119.3324908488357,40.18161240567321,4704.123402555911,189.41777911635302,-240.67526,4.2275367,75.007965,3.7296526,4.4292264,2.9660127,18.365255,2.870378,12.956934,3.0621138,18.754946,2.6659064,6.421133,2.6026926,1.7222971,2.8722317,-3.626884,2.6485124,6.586975,2.7106783,3.5515013,2.5579422,3.7602406,2.782527,-1.0318199,2.9427524
normal_192.wav,normal,0.14544853234824281,0.01455802630824648,0.020566925,0.0013068804,2142.0326684891797,70.57946530883368,2192.101375718173,32.77777265334904,4842.40215654952,148.0821713077139,-193.12473,3.8669145,75.47841,2.9235072,5.9317927,3.2334995,16.868074,2.7092874,10.752611,2.6018465,5.1410265,2.6141675,4.340069,2.5110993,-0.8106279,2.8180385,1.9739736,2.5474315,-1.0850719,2.7809634,1.5460781,2.7663188,-1.0519056,2.7486565,-0.73514146,2.7899878
normal_193.wav,normal,0.22880266573482427,0.018802628151055614,0.039884757,0.0035446838,2368.9045688724955,91.42462461646424,1918.6005566320796,43.71766517692937,4502.221445686901,171.13464046352541,-114.99356,7.432265,57.441296,4.6144,-11.637698,5.2005157,33.572323,4.133287,1.2608628,3.864311,14.3319845,4.0858345,-10.143854,4.2457895,5.660451,4.1718583,5.044938,6.2013674,-0.5520524,5.06599,0.38585988,5.1256704,-2.1463182,4.07447,-4.3916826,3.7155297
normal_194.wav,normal,0.1853471944888179,0.04282347416591597,0.019484652,0.005144212,2178.261968131717,318.18324206412046,1988.596325861802,172.80152345761664,4469.573682108627,654.1540965388283,-185.13719,26.96234,74.07794,16.266539,-9.665847,14.566044,14.274657,6.362964,1.512283,4.8360963,2.1117077,5.6092725,-3.0902362,3.6573527,3.8509877,3.7554278,0.36699703,3.5306013,-0.30613294,4.0913005,0.20344256,4.5833716,1.4695603,3.5626037,-1.6019198,3.6552346
normal_195.wav,normal,0.12652880391373802,0.014122521690812222,0.014421549,0.0011414223,2038.1563675824216,83.9626571375446,2112.1019665679974,39.3701372792088,4685.952476038338,178.41366725729483,-239.81425,4.546267,75.18696,3.5246766,3.7843575,3.000752,18.601627,3.202037,13.126919,2.8988993,18.6125,2.90192,5.976837,2.908237,1.3641596,3.0495827,-3.387321,2.7516465,6.9475513,2.7156892,3.3841238,2.7849007,3.5406168,2.8953438,-1.6549526,2.8468685
normal_196.wav,normal,0.14236284444888178,0.012099924373022751,0.020554872,0.0012442989,2118.844688568772,68.23405369535159,2191.596054408712,30.89924549533351,4816.9678514377,134.2869670485031,-193.28032,3.5738392,77.29622,2.7080648,7.354416,2.6730347,16.269037,2.860839,10.035313,2.8324664,3.8003953,2.8347373,2.0902302,2.9304092,-1.6393331,2.4323146,3.6485603,2.7376199,-0.08066897,2.597032,1.1311955,2.7706265,-2.6175756,2.6339993,-0.6192989,2.7495053
normal_197.wav,normal,0.13924283646166133,0.013997765362056323,0.020424403,0.0013486532,2062.469665777943,74.86010888798276,2138.0079483430172,32.45292297260602,4773.412539936102,188.83631977041733,-201.5392,3.1713314,74.98729,3.0787556,2.0870955,3.18929,19.132452,2.9391286,20.044065,2.638643,14.449955,2.914788,3.9231663,2.607315,-1.1563276,2.9813051,-4.5385804,2.6454184,3.3568962,2.6724062,0.80542856,2.8778024,4.619373,2.783419,-3.6169176,2.8159149
normal_198.wav,normal,0.2537471295926518,0.027775289986616186,0.020128895,0.002736843,2555.0154876288652,130.9060270615234,1930.0983439368188,40.99925635523472,4792.082667731629,210.6698061601324,-178.99515,9.678906,44.85313,8.725002,-22.239603,6.511767,27.52642,4.89175,-0.50001043,4.459103,-5.7175026,3.0976086,7.75658,3.2243042,9.121547,3.8986495,-1.021048,3.356213,8.055315,3.2798913,-2.6689036,3.5714686,-2.192358,3.3187425,-1.9186238,3.5763793
normal_199.wav,normal,0.14411004892172524,0.012699364643237796,0.020485315,0.0012017504,2074.8075678747537,64.16211579322024,2170.304017414013,33.41040860082116,4711.012380191693,136.53800613051544,-192.37355,3.5261676,79.970825,2.7997258,4.645918,2.950444,14.562572,2.982381,10.458084,2.8724637,4.6069646,2.5682232,5.479973,2.3305387,-1.2361795,2.5821881,2.6429498,2.7670693,-0.44881436,2.7503533,3.0627127,2.811472,-1.244385,2.7055259,-0.90761423,2.8478613
normal_200.wav,normal,0.21271122454073482,0.026109608395822093,0.019265933,0.0067170896,2410.0426262038914,193.47435175364646,2081.120286875672,135.05772111488776,4961.261980830671,510.24383014917635,-183.15585,32.800488,61.29607,9.0202675,-7.825768,12.423842,17.08762,5.833789,1.6002982,5.2373595,0.7057104,3.7007565,-0.99795836,7.0825977,-0.40103987,3.3312337,-1.0901,4.0393143,-1.9758239,4.8708367,-3.0360615,4.3587604,2.5122638,3.2844753,-0.45148134,2.9893637
normal_201.wav,normal,0.24767403404552715,0.04498305082450978,0.014470088,0.0016596272,2513.774007414216,276.1171103576268,2009.6885519801808,118.83087932948915,4903.45447284345,554.6120738768475,-196.87244,15.897408,55.328663,11.547691,-13.549113,7.85155,18.036865,6.589183,-3.4039729,4.3472023,2.4427445,3.4467783,-2.7000139,4.6219826,6.495581,4.189865,0.723886,3.349848,3.237859,3.34226,-1.9533442,3.5212219,-1.9995952,3.4690914,-1.7493697,3.1505406
normal_202.wav,normal,0.26486527805511184,0.01945292253449952,0.0146349585,0.0010148749,2574.684864913472,72.75249799666388,1963.257236571783,49.09651973727916,4638.378594249201,140.96855871713325,-203.2529,5.959468,46.905556,4.4260163,-12.805734,4.3388076,32.082687,4.1877556,-3.2338285,3.0233212,10.848631,3.445514,4.046631,3.6044614,1.9840127,3.4252458,8.061046,2.8939023,-2.5605965,3.0567658,-0.57247466,3.0461776,2.7118134,3.009925,-2.0700765,2.7934573
normal_203.wav,normal,0.1367047099640575,0.016450211563437844,0.020330084,0.0018704846,2054.737018780545,80.6951055780219,2116.517763335463,42.756958955533825,4637.005790734825,176.42988988332718,-202.69185,8.341275,74.192604,3.236395,0.06925105,4.0201397,18.56338,3.0670693,18.023632,3.547347,17.186768,2.962307,4.434465,2.82424,-2.792541,3.1187503,-2.263441,3.0304139,2.526272,3.5968056,2.493231,2.7799037,3.5868354,3.0924942,-1.0718106,2.610102
normal_204.wav,normal,0.13844879442891375,0.013325960270759775,0.020295646,0.0013747436,2055.2975818418454,70.04301551198967,2127.1464496499834,31.698824544854855,4654.502795527156,145.84619205996123,-196.21745,3.6495686,78.42567,2.980122,5.647087,2.706135,20.298378,2.7602394,8.81162,2.7919364,4.8207726,2.7071247,2.1753485,2.7487395,-0.6418181,2.7972016,1.5993917,2.6497152,1.115821,2.7893436,-0.7215805,2.5028367,1.2514753,2.593533,-1.3358932,2.7139053
normal_205.wav,normal,0.24551810852635783,0.02046077235987119,0.014437493,0.002031688,2521.9404154801814,100.79362857277712,1998.8811381711087,76.89447874789073,4893.495407348243,194.80152188493778,-194.11754,14.127525,53.192986,5.898866,-18.130753,8.151801,11.208607,4.034107,-8.8701515,3.6310878,5.6937456,3.0011854,-1.4731191,2.9857926,5.5679955,3.3045368,0.19358855,3.096793,4.1394134,3.1662781,1.298138,2.9309814,2.4236302,2.8716297,0.6538249,2.8548226
normal_206.wav,normal,0.14301336611421725,0.039856719501200885,0.02008202,0.0035084186,2054.363639177254,139.92227647923627,2139.366741773808,63.70592740274274,4679.662539936102,281.7581012310444,-201.72609,17.69405,80.57355,6.6198297,5.805504,5.6489186,15.946044,3.3534591,6.189279,4.043098,2.1826653,3.1268964,3.1889286,2.985191,-1.5713059,3.1362581,2.226333,2.890156,1.8533729,3.27048,0.9800308,2.9341285,4.2673154,3.1825278,0.2632244,3.3143778
normal_207.wav,normal,0.1385470746805112,0.013501428200521982,0.020325707,0.0012012871,2085.342115517377,67.1354583365756,2168.1649403068873,32.06531492640712,4795.951477635783,126.59246871081321,-197.90955,3.7002332,76.830505,2.9405758,8.390355,2.980736,19.002096,2.493227,10.019577,2.8023932,6.7858925,2.6549394,3.6813488,2.9034128,0.24378154,2.9832177,1.5260284,2.5617733,0.08846139,2.7186825,-3.367874,2.8333921,-0.81182915,2.7004633,-1.8166274,2.7938168
normal_208.wav,normal,0.1344021440694888,0.014692974280480805,0.01449969,0.0008995834,2035.4220565969426,108.19979815258583,2102.7042975381173,56.05227857053257,4664.811301916933,247.0115493145425,-235.87991,4.7780056,75.22673,4.3456364,3.8872,3.351854,20.286238,3.2047882,15.356528,2.951219,20.225033,2.839155,4.1607294,2.733402,-1.2977959,3.094254,-5.7826304,3.1028597,4.2155213,2.6293373,0.6818514,2.8545916,3.509654,3.0563028,-1.2616243,2.604053
normal_209.wav,normal,0.1448666508586262,0.01527049717534638,0.020446442,0.0012959347,2119.7297422258493,71.62639886488058,2192.7863608928114,30.878383840125537,4824.955071884984,144.9550977790688,-194.21884,3.8372245,76.90148,3.0308766,8.230414,3.029697,16.966845,2.9164004,9.645835,2.7111912,3.3790154,2.7742918,1.905368,2.51283,-1.2221915,2.6156294,1.843073,2.8671186,-0.44559658,2.5923285,2.4438407,2.6656706,-0.48413914,2.6835337,0.38313863,2.5814824
normal_210.wav,normal,0.13719143121006389,0.014385602519794235,0.020314798,0.0013135398,2056.4518621291813,70.46948981709787,2123.7575481428967,31.31631976100328,4636.681309904154,145.1586073578047,-197.68008,3.4769506,77.73837,3.0164618,3.991679,2.691835,20.145998,2.760852,9.32968,2.6565347,6.6759195,2.8116486,4.818173,2.780302,0.44529065,2.6725626,2.1484933,2.7647882,0.8900678,2.7589447,-1.2083856,2.965098,1.2904507,2.415232,-1.2161477,2.6917672
normal_211.wav,normal,0.1444407697683706,0.01371368748670892,0.020546261,0.0012575962,2133.645080338546,68.5657474627009,2196.0493653064555,29.94186123921085,4842.876397763578,143.13268064182543,-193.81285,3.6242628,76.150925,2.7230155,7.173524,2.9094172,17.177328,2.7561047,10.707592,2.4071703,4.102072,2.8494582,2.4818668,2.8524745,-1.5568405,2.847829,2.2949705,2.7162282,-1.3792968,2.933648,0.8187283,2.725598,-2.0240767,2.624068,-0.18453282,2.715008
normal_212.wav,normal,0.14064060003993611,0.012096415015487562,0.020522337,0.00127433,2106.4833847100795,71.30769860851193,2192.414258587217,32.80517941219355,4805.436301916933,148.15092131264336,-195.56345,3.6246393,77.02846,3.0814116,7.14407,2.8952558,16.823812,2.8654268,11.080532,2.7297974,5.8392096,2.8239048,5.1315613,2.8256035,0.62261873,2.662944,3.5594997,2.6305566,-0.87509143,2.6191,0.44555143,2.7482755,-2.680783,2.841679,-1.4170104,2.7907782
normal_213.wav,normal,0.1393457967252396,0.0113342637406536,0.02053478,0.0010187726,2062.1701164913325,62.39982751368512,2152.0119847093815,29.96881168975715,4758.860822683706,143.80498587615648,-197.9234,3.4373825,77.58184,2.5642667,6.4895396,2.6937385,20.896557,2.6585114,11.645059,2.798336,2.7527127,2.5593047,2.689125,2.4199352,3.2466643,2.589386,-1.6279396,2.6823137,0.75713855,2.8486445,1.7033988,2.613583,1.4236491,2.5902643,-3.75635,2.8718288
normal_214.wav,normal,0.1447293705071885,0.013602934806443215,0.020514159,0.001281764,2067.890182812687,73.26721381337033,2163.2817452351137,37.462414991745256,4680.536142172524,168.8568707535239,-192.6424,3.6250517,80.20595,3.1788263,3.783906,2.8676217,15.272461,2.8326359,11.67242,2.9335098,4.2171993,2.816566,4.752583,2.7921722,-1.6078162,2.8655944,3.913138,2.7941732,0.009670245,2.7162962,1.8339835,2.7967057,-4.0262055,2.8022487,-2.1774867,2.4842782
normal_215.wav,normal,0.2144178689097444,0.023582859048781782,0.01456399,0.0015214625,2289.106740559274,158.5282612462165,1903.7128519501077,69.42858510930377,4447.8833865814695,311.51035934329315,-200.13661,10.08344,66.0451,8.19567,-18.025902,6.143455,19.563019,4.3368945,-9.680975,3.4369206,-0.29237488,3.1907685,-0.2763299,3.1236885,5.6975718,3.4760365,-3.298862,3.925154,1.8758558,3.1693802,-1.3000375,2.8905149,2.528855,2.7138848,-0.74461275,3.6298003
normal_216.wav,normal,0.2067566892971246,0.02520634129681658,0.020522099,0.0013735222,2294.947160379516,119.56322887745692,1952.444767471676,37.13647681318955,4438.797923322683,157.79942694778214,-179.06999,7.0310144,61.86063,7.1157274,-13.123481,3.2846117,26.51507,4.620578,3.602461,3.9129758,5.4474936,3.260747,-4.9910297,3.3078294,-0.8682482,4.09299,9.890184,4.786345,4.6365976,6.0209293,-4.4616923,7.59429,-0.55905205,5.1120157,-5.4534283,4.42376
normal_217.wav,normal,0.18562955521166133,0.029946105410563438,0.020121682,0.0042313416,2335.5672469101214,179.29261753443183,2175.1319206970743,72.4518533796778,4944.364017571885,335.3141932852584,-186.98448,18.608267,63.73837,8.219683,4.4177227,5.447949,21.960146,4.0627794,1.6274363,3.734989,4.5550227,3.4555793,3.6994102,4.856837,-0.02165656,3.236895,7.8842554,3.4503298,4.167325,3.4773998,3.0871847,3.0340748,0.5054226,3.1181834,0.35046324,3.077527
normal_218.wav,normal,0.14404608875798722,0.014455810150417709,0.020518923,0.0011714422,2125.6317547216404,71.27923053854123,2198.5875653634207,34.180084533869014,4834.140375399361,150.8795500686312,-194.24583,3.7384531,76.07038,2.8063853,7.6012335,2.7845938,17.760586,2.6111007,10.916214,2.712384,4.4947863,2.7137659,4.2393184,2.6370943,0.3187492,2.8715632,2.9575098,2.8021708,-0.7693814,2.7517974,1.5247124,2.7064652,-2.1392667,2.7079942,-0.65480894,2.7768493
normal_219.wav,normal,0.14005091853035143,0.014617812129618053,0.020575881,0.0010674333,2112.692948719153,62.28105506407417,2194.6701081332008,29.789631569459115,4821.685303514377,138.80594273692031,-194.6394,3.6613152,77.14427,2.7509806,7.4798946,2.8167603,16.88635,2.8835979,10.755224,2.6850455,3.8991566,2.7288144,3.108232,2.6976984,-1.3162881,2.8210194,2.5419044,2.7739666,-1.082452,2.8608549,0.8782684,2.7271073,-1.4397331,2.833862,-0.40656403,2.820153
normal_220.wav,normal,0.14717545676916932,0.013514467210742044,0.020569395,0.0013096404,2132.8949214303316,69.00465638441543,2198.7211131730246,30.04941064753272,4846.071285942492,137.40671373596038,-191.82062,3.868725,76.932304,2.8093338,7.3232827,2.827288,16.059492,2.803186,9.500964,2.616253,3.7484212,2.7836118,4.227008,2.7918386,-0.9896346,2.7981768,1.4527816,2.748941,-2.2669623,2.718931,0.65271324,2.9514549,-2.0737212,2.7180395,0.3355889,2.6944802
normal_221.wav,normal,0.1356361072284345,0.014606653698037169,0.020381233,0.001242448,2046.0688856881336,75.20174622481956,2126.7503283334795,35.216135322504634,4658.970646964856,189.09845224140946,-201.51888,3.7935443,75.227745,3.1757498,2.2746632,2.957581,19.15967,2.7346818,18.525497,2.8395956,16.837774,2.8263357,3.727485,2.7498004,-3.8122215,2.7950711,-3.0821004,2.9534245,2.128964,3.0414917,1.5603329,2.7570603,3.293471,3.0796056,-1.5430757,2.744458
normal_222.wav,normal,0.14139876198083068,0.013913436080512017,0.02047569,0.0012358223,2139.650384679447,67.45865700974265,2202.8744480845985,30.676363401667274,4852.560902555911,139.92638535363898,-195.54703,3.4085863,74.863335,2.6746294,7.103427,2.8281343,18.165073,2.7797818,12.096457,2.8634253,6.2135105,2.8303828,4.952585,2.925411,0.16651653,2.760515,2.9082975,2.7724566,-0.2568287,2.5703974,1.6821909,2.6593602,-2.3439121,2.812451,-1.0166023,2.7079425
normal_223.wav,normal,0.1417388428514377,0.01251557749969756,0.020490633,0.001218227,2067.5248499785216,69.64780625848395,2174.8289199538035,35.47464805178769,4711.087260383387,153.61691958625335,-193.65056,4.4333296,80.06038,2.8501737,6.3402405,3.325283,15.475436,2.8378627,10.674343,2.6788108,3.5237517,2.8788679,3.3249953,3.0326881,-2.2248743,2.9592948,2.8214388,2.4735804,-0.2554833,2.8158302,2.2684915,2.6358964,-1.5904664,2.839493,-0.12187674,2.6486776
normal_224.wav,normal,0.1402256389776358,0.012362651829305025,0.020546949,0.0010841746,2065.296070591661,67.55304810546663,2171.2571826102635,32.87876827036064,4701.827076677317,150.02537458326958,-193.1606,3.6411552,80.72898,2.8351939,5.330899,2.9021454,14.143216,2.7776644,10.722149,2.7461805,4.1095333,2.6457512,4.157092,2.6915345,-2.4638128,2.736761,2.4574451,2.807771,-1.9656869,2.4009538,0.13392043,2.9577408,-3.0232031,2.6824963,-0.7307166,2.7992268
normal_225.wav,normal,0.141325441793131,0.01302332314159678,0.020594185,0.0010879973,2069.438599988541,68.44161406534869,2177.305527084005,36.75019662856751,4727.710662939297,177.7772556695776,-193.63155,3.6990755,80.35915,2.7635849,5.153098,2.5426164,15.429251,2.7978222,12.114325,3.0514648,2.98891,2.9611323,4.0709114,2.7546856,-1.3949714,2.8673968,3.9799984,2.803394,-0.4288521,2.456481,0.65074164,2.7122705,-3.2969873,2.772339,-1.9116613,2.8601418
normal_226.wav,normal,0.1431553264776358,0.014489143085993493,0.020524735,0.0013562628,2128.6280575548985,72.287037268171,2199.310798146631,32.657307556964895,4844.573682108627,147.2203180084365,-194.95265,3.9015286,76.22252,3.1758225,6.4888263,2.9592109,16.546608,2.5938783,12.303652,2.7275155,5.8937745,2.6318173,3.510551,3.0963714,-0.8274741,2.7895122,3.3664324,2.6764214,-0.7230215,2.5283084,1.4283525,2.634892,-1.8373598,2.5510945,0.43965074,2.606766
normal_227.wav,normal,0.1426405251597444,0.014834274266377376,0.020531328,0.0010951656,2123.46723839305,69.68698185092549,2197.8676664380155,30.838244059859992,4839.381988817891,149.10346220216752,-194.74023,3.5641186,76.217705,3.0234573,8.018093,2.677675,18.07405,2.7247763,10.878605,2.4602494,4.488328,2.5017507,3.618636,2.7259376,-1.0394465,2.736368,2.9317367,2.4515882,-0.8670029,2.8110662,0.45078886,2.6308546,-0.5785559,2.6801205,-0.51908445,2.8104649
normal_228.wav,normal,0.14347200728833867,0.01921544859498522,0.020611407,0.0014480222,2059.3342303884515,98.92364104100572,2091.9806964275435,40.3135256997373,4584.514776357827,222.21545237600023,-197.66779,5.558509,73.10999,4.043766,-0.45084408,2.7379506,24.05111,2.9902413,16.692158,2.9646828,13.558451,2.6866527,4.2720857,2.711486,-0.54455507,2.7373676,-6.067633,2.6611538,1.631113,3.0351336,7.0720396,3.1224267,2.0103655,2.9348776,-5.004413,2.77226
normal_229.wav,normal,0.13829747404153356,0.013095505163559907,0.020474201,0.0012055436,2061.344997693077,70.936137184445,2162.6298083905062,35.11558615765205,4676.867012779553,148.1450507320848,-194.02696,3.3543773,80.26922,2.8151631,5.332204,2.6225944,15.639437,2.8307526,10.331079,2.7155457,3.7542388,2.7138577,3.7752256,2.9271152,-0.87066317,2.5409973,3.7659795,2.4598637,-0.9100207,2.6999264,0.44189483,2.7589047,-3.737355,2.8201783,-0.63265413,2.811424
normal_230.wav,normal,0.13870619508785942,0.011166033906055741,0.02053764,0.0012147052,2062.8532877702364,64.77775779955353,2170.9833948675064,33.40562669741146,4708.516373801917,148.26395191471815,-195.02032,3.6944523,80.43959,2.6734629,5.4473686,2.6838653,14.657803,2.7261865,11.080373,2.515905,4.090117,2.378231,4.9317975,2.9060845,-1.1814115,2.9172404,2.4273076,2.5937107,-1.5498012,2.8909833,0.80286354,2.6748679,-2.3067164,2.8070998,-1.2511045,2.8001838
normal_231.wav,normal,0.13909463608226838,0.012908572767045646,0.020521123,0.001432545,2101.1929926252315,76.93734866225459,2195.966904591652,34.119369966310664,4807.6327875399365,161.47025128325657,-196.3819,4.0917497,77.8131,3.3808997,7.961903,2.8259392,16.647427,2.9222505,10.674802,2.7482147,4.9087543,2.6834798,3.8666945,3.0117807,-1.3945031,2.5470083,3.8184085,2.7449393,-0.13422479,2.616667,1.4833179,2.7312675,-0.87759197,2.6413321,-0.64451855,2.550807
normal_232.wav,normal,0.2528688473442492,0.018520420761256914,0.020323278,0.002815022,2558.111295647146,92.70429264722826,1964.161470857353,46.89770952319183,4825.853634185303,161.59641939366787,-166.56541,14.457725,47.23995,5.3497252,-20.67051,6.0503035,25.084618,7.502801,1.2603331,3.7114542,1.1908748,4.1078176,1.2334754,4.1894546,5.05871,3.7699661,-0.2099975,4.5378637,3.3334217,3.4212027,0.7242878,2.959068,4.155147,2.954392,-0.2835473,3.867201
normal_233.wav,normal,0.1228331544528754,0.01574197765154242,0.015276909,0.001343517,2029.2012827580313,96.18015107036076,2118.964583786857,41.996729258863596,4681.908945686901,202.0525790588176,-237.35693,4.6982265,74.52948,3.727404,4.4960284,3.1807535,19.90266,3.0136347,14.532685,3.015326,19.683702,2.9215007,6.80263,3.174272,0.9083395,2.9703512,-3.9075615,2.8572986,6.9447865,2.8337016,3.9621847,2.948521,4.746126,2.864942,0.06861453,2.9405882
normal_234.wav,normal,0.1427918455471246,0.01363781990681267,0.02060581,0.0011695173,2089.820504953432,68.21325685752261,2191.380550332336,34.66986326574065,4790.285543130991,172.54609640918238,-194.61107,3.754864,79.40606,2.739698,6.7446413,2.674407,16.41452,3.0257745,11.462144,2.8838987,2.1360855,3.0167031,3.8717022,2.7333443,-0.8927237,2.7038844,3.700015,2.6824033,-0.5544304,2.628235,1.4490396,2.8608203,-2.2080288,2.55481,-1.6234096,2.6285324
normal_235.wav,normal,0.1391913563298722,0.013236634713127209,0.020430518,0.0013590095,2069.643673329115,73.16945652424263,2182.798376371135,34.47872069560193,4729.45786741214,164.1908215555664,-197.21992,3.6468885,80.55432,2.7978466,6.698275,2.6803129,15.39396,2.6563663,10.732896,2.8447368,3.4521816,2.8037348,4.035218,2.768188,-2.026212,2.7429826,2.127915,2.7096906,-2.7165766,2.6721027,1.4915634,2.890775,-2.7025197,2.6630795,-1.340887,2.703432
normal_236.wav,normal,0.1421694039536741,0.013029281299734222,0.02054456,0.0011819137,2107.717354579348,62.62458186164315,2195.142758000927,31.4794588859897,4823.407547923322,134.43952905407713,-195.54823,3.6161044,77.08287,2.503211,7.565085,2.7959168,16.459135,2.7305167,10.741564,2.9951642,5.4495916,2.7722363,4.3509126,2.8383825,0.18086354,2.8675098,3.327331,2.6488068,0.048681814,2.6937525,1.1271743,2.863593,-2.2370021,2.8079898,-1.1281745,2.5501194
normal_237.wav,normal,0.1377701926916933,0.015586944133809046,0.020562986,0.0014436629,2037.3875089458638,77.27436434669924,2128.83284497499,29.921995044944193,4707.36821086262,187.8769692376423,-203.43011,3.7342703,75.38413,3.0666327,1.0963764,2.6156063,19.717846,2.802572,21.442545,2.7016647,13.94079,2.8917012,4.3128963,2.7259138,-0.7240659,3.039306,-4.1659603,2.622201,3.6963947,2.7359445,1.933557,2.8929665,5.6984963,2.7783139,-2.2621787,2.772316
normal_238.wav,normal,0.13799639327076677,0.014115032340900986,0.02046178,0.0014004966,2066.7221575139924,76.10807254987103,2180.969367748291,37.46372765931586,4730.006988817891,165.87702060874082,-197.185,3.5437953,80.1774,2.9921606,7.3566303,2.6362298,15.90055,2.7621555,10.553515,2.6969929,3.1876535,2.876547,2.6472554,2.7379975,-1.817538,2.6879456,3.7712913,2.5587502,0.6010306,2.6436522,3.1008906,2.9543602,-1.235462,2.7895255,0.43472913,2.5416458
normal_239.wav,normal,0.1332118610223642,0.013039681369471095,0.020412736,0.0012399984,2062.5400494834666,65.30762681430807,2165.706488432451,31.954595825278858,4651.607428115016,135.81378354810744,-198.43716,3.9316971,78.05655,2.8342745,4.6995807,2.8073173,18.715113,2.8586009,11.4074,2.5692816,5.5800095,2.6456168,3.8574288,2.6501427,0.97881037,2.6222138,4.5410132,2.5759897,-0.62923133,2.9379354,3.7554834,2.8226902,-2.2293494,2.8656776,0.77305156,2.7893417
normal_240.wav,normal,0.21728359624600638,0.02616460537303733,0.014755845,0.0036087541,2529.664527885637,82.92670834166816,2052.873516753784,60.827035520822,4904.602635782748,193.921304832895,-209.61137,16.964643,51.885777,4.5893106,-6.7148256,5.5434093,24.679613,3.5063453,-3.4333127,4.2108793,8.750279,3.052117,1.2848817,3.5107236,7.950238,3.9482245,4.370728,3.1239421,5.362159,3.1083906,2.22298,3.4664526,3.1040611,3.0663342,0.77338254,3.3005726
normal_241.wav,normal,0.13555810702875398,0.019515907465019456,0.01458735,0.0010245177,2030.6652614267814,119.62003025076213,2081.5927574355433,59.600586548991345,4613.268769968051,268.6362658648012,-231.91454,5.8473907,76.864,4.9791737,2.2680159,3.2915008,18.872833,2.918161,13.773804,2.8124008,18.372513,2.8461554,1.7882047,2.5569785,-1.8961467,2.7804127,-4.5781937,2.9088354,5.535921,2.847618,1.3295475,2.905775,3.6713212,2.7324154,-1.0810807,2.8797233
normal_242.wav,normal,0.15253407048722045,0.013015937983635859,0.020578638,0.0011780815,2167.8865168353655,66.497080482123,2202.170895490587,31.423275582302036,4888.50339456869,140.54865482089585,-189.24832,3.5592728,74.99769,2.7436187,7.156033,2.8845623,16.59817,2.7575567,9.64461,2.8140013,3.9996896,2.567727,1.0759676,2.7052739,-1.7395335,2.6866755,4.1278315,2.684783,-0.10549666,2.9150097,0.77210987,2.5473955,-1.7252961,2.4368668,0.015383138,2.6626575
normal_243.wav,normal,0.1380307133586262,0.013618432795397163,0.02052641,0.0012084396,2069.718825716722,69.76317908189044,2185.7258181626357,33.95605326612811,4744.483825878594,154.7255899564756,-195.17657,4.1165843,80.10623,2.816491,6.9359384,2.46699,15.527918,3.0052185,10.762427,2.6797686,2.6753054,2.744281,3.529186,2.8647823,-1.4105877,2.495392,3.068446,2.6488113,0.30424502,2.5918913,3.400566,2.699885,-0.6795734,2.8111424,1.0159423,2.5280704
normal_244.wav,normal,0.14087928065095848,0.013038790361285925,0.020476922,0.0011969444,2064.882822339689,67.85213489741516,2181.7800602318252,33.39269332952601,4728.808905750799,150.16617928754061,-195.42169,3.466246,80.70611,2.8501909,6.9736366,2.8071523,14.996889,3.0346327,10.45852,2.6168664,3.344529,2.7800221,3.624032,3.0216265,-1.762422,2.8428817,2.794309,2.5262208,-1.0762134,2.487567,1.5816337,2.5855818,-2.264627,2.5666795,0.03694143,2.7994466
normal_245.wav,normal,0.13866251497603835,0.013858467548990044,0.020526703,0.0012507484,2061.8356706680365,70.96663038133103,2179.036629512457,33.86205302111249,4714.981030351438,166.64465486922256,-195.7056,3.712312,80.2225,2.9777603,5.7526197,2.9326239,15.162384,2.5663407,12.420303,2.7273262,4.9103866,2.5885453,5.037355,2.7172856,-1.3651944,2.930683,3.7273028,2.6285033,-0.83805794,2.6451004,0.5400222,2.6559143,-3.1584146,2.8091204,-1.6103786,2.7017536
normal_246.wav,normal,0.1491254617611821,0.017842286646176847,0.02061489,0.0014039407,2080.771640478343,78.14919891951106,2068.7389922981515,33.63091363990443,4531.150159744409,169.90775125248805,-194.36674,3.5426638,71.86491,3.1262114,-4.2055025,2.9274046,22.612635,3.0180867,15.881772,2.6221247,15.599138,2.8051155,4.391783,2.849418,-2.261699,2.7296138,-5.6888337,2.6066482,1.607679,2.839159,6.5867653,2.7272272,1.1593589,3.006083,-6.0460777,3.0731986
normal_247.wav,normal,0.1416592826477636,0.012933458265643356,0.020534344,0.0013164491,2097.2163608063297,66.766078658849,2197.0386098116064,33.947869212012414,4813.049121405751,155.3717164280602,-194.50404,3.6190054,79.068054,2.7742338,7.127028,2.9382863,15.78295,2.5925786,10.331814,2.6485033,2.0637374,2.8400238,4.6102414,2.7856922,-0.17181785,2.7346137,4.058248,2.451527,-0.4982374,2.8775742,1.1345962,2.6650634,-2.604965,2.7852454,-0.54019606,2.6829493
normal_248.wav,normal,0.12542900109824281,0.014643896835747412,0.014543742,0.0010284517,2022.9066470216874,89.83479326555063,2108.241214508976,43.71266363433126,4658.421525559105,193.88144758913404,-240.19493,5.2817025,74.957405,3.9066324,4.0991306,3.1754172,19.80034,2.9692025,14.330687,3.1165032,20.578053,2.8838005,7.340853,2.7821634,1.5950769,3.1297324,-4.611163,2.8105552,5.161365,2.8764477,2.2842615,3.044987,3.4871082,2.9941993,-0.88695276,2.838127
normal_249.wav,normal,0.13625542881389777,0.013468712209569224,0.020535622,0.0012178775,2059.387130211137,70.01092344948158,2178.759873365039,33.89060606874738,4720.597044728434,157.07928443844173,-196.58855,3.434874,81.116425,2.9632914,6.6377735,2.708529,14.282838,2.9173837,10.61054,2.5198383,3.0227313,2.798179,3.6037438,3.0797307,-2.2629733,2.7422464,3.5169218,2.8800457,-0.16217199,2.63464,1.6287944,2.4922578,-1.5349073,2.9504604,-0.8895725,2.8012795
normal_250.wav,normal,0.13911023612220447,0.01323749806485309,0.020517575,0.0012904298,2065.0311114106526,71.11137996603865,2184.6610890156417,33.53759018742316,4738.493410543131,152.72201363095496,-195.60303,4.2041497,80.69198,2.9248717,6.613091,2.6143215,14.391589,2.675199,11.192527,2.804571,3.4774852,2.854484,2.8737466,2.6049604,-3.4784267,2.4246683,3.258543,2.4190521,0.55944026,2.7881794,3.0119207,2.7696521,-1.7878197,2.6582158,0.39519763,2.440684
abnormal_001.wav,abnormal,0.17784669528753994,0.012781463539606006,0.014776567,0.00079244137,2241.521312763857,65.0288014301345,2063.82445130318,24.980544514854923,4679.313099041534,97.39635059162569,-211.17073,4.09458,66.71789,3.2580512,-1.7842563,3.1295335,24.13058,3.2613354,1.539421,2.8772037,9.496557,2.96378,2.2785683,2.7043233,4.8399158,2.9834926,0.76002645,2.97291,2.3925176,2.843636,1.5255163,2.8045845,2.12367,2.7188501,-0.695457,2.7681246
abnormal_002.wav,abnormal,0.18451415235623003,0.024433240823434864,0.020651711,0.0019387911,2282.621815322969,146.47055740724636,2054.588863162869,58.861814100596014,4754.1683306709265,258.6246532987114,-175.7774,8.884874,65.46922,6.7735353,-6.623401,4.4447603,19.386633,4.4961476,3.43494,4.3148146,11.263794,4.042622,2.8015006,3.608975,7.9914002,3.2733812,2.5757592,3.4182467,2.865927,3.482553,0.081291236,3.2184587,2.8476322,3.1624155,-1.8481166,3.3216338
abnormal_003.wav,abnormal,0.1774629343051118,0.019135668790056928,0.020471202,0.0017231905,2250.1555246939542,116.66782842806005,2053.521976741881,51.25112628168095,4725.988418530352,223.6581174249458,-177.85263,8.900827,67.42855,5.520538,-5.706876,4.650583,19.177244,4.3439045,3.5057065,3.828495,9.93555,3.9203665,2.0916016,3.2971473,7.285306,3.5422745,2.0648022,3.608801,2.4355247,3.242685,-0.62372595,3.2561228,3.5706463,3.3492315,-1.7133647,3.0598388
abnormal_004.wav,abnormal,0.17625705121805113,0.01765715644274711,0.020626657,0.0018271323,2245.052299942887,125.27637002837005,2048.100082517699,52.6320206701565,4702.226437699681,228.5347376042923,-177.43123,8.959189,66.9801,6.175985,-6.3897586,4.228486,20.399872,3.9028149,5.3339314,3.638552,12.252184,3.6653,2.1855652,3.7409387,6.6660523,3.305114,1.6442025,3.3037455,1.7028323,3.397941,-1.3406339,3.3733902,2.1595612,3.3954988,-2.552002,3.002114
abnormal_005.wav,abnormal,0.18576527555910544,0.016352790806071462,0.02028199,0.0012323577,2290.9167406089987,112.94432201789452,2056.43622764517,54.64799356011456,4772.139576677317,216.64742222281632,-175.44928,7.1096005,65.51893,5.2343388,-7.6036887,4.6515617,18.326183,3.8892088,4.63815,4.0592027,10.7568,3.7434304,1.9575648,3.5742807,6.5175557,3.7101781,1.5213966,3.0764205,1.5880017,3.5032644,-1.0975007,2.919462,1.4796268,3.3154664,-2.8301554,2.9307756
abnormal_006.wav,abnormal,0.18164998502396165,0.019465656445181462,0.02037495,0.0019165354,2297.1039345659206,130.60810700406947,2059.4189592859384,58.66136126395667,4777.730630990415,239.58999567198012,-178.57368,9.306808,63.821896,6.174445,-6.933173,4.539643,20.59659,4.0779862,5.4358354,3.9708488,12.1884985,3.9813712,2.6237142,3.9019704,8.007901,3.3556645,2.1412883,3.0913146,2.226912,3.1161168,-0.7652701,3.5578759,2.0934324,3.1516051,-1.7002683,2.869379
abnormal_007.wav,abnormal,0.18442211212060702,0.021312980208019357,0.0146206925,0.0011811146,2302.002797014246,89.17767008164289,2096.467639307744,38.713752607403336,4789.536741214058,135.20679307968035,-209.45325,10.05112,64.78266,4.431096,-1.1783514,4.0915203,22.754126,3.740264,1.8605998,3.1744103,6.7852874,3.0466032,3.4457633,3.390145,2.5483034,3.1274018,1.496805,2.9098537,0.97092015,3.3894746,-0.7845073,2.8580403,1.803053,2.9456754,-0.21138659,2.6328762
abnormal_008.wav,abnormal,0.19161061052316294,0.02108748472407715,0.021059826,0.0021168876,2341.8957355820476,121.07471846440316,2044.7144920377625,57.851815137503685,4777.930311501597,226.34786469917628,-171.10681,8.641931,62.72927,5.4600396,-9.014163,4.747206,19.229433,4.3026876,2.9546707,3.722955,9.266741,3.7434447,0.007427575,3.7602935,6.258036,3.331226,1.3823602,3.1320918,1.2719218,3.4552414,-0.70274633,2.9983773,2.9449997,3.1082473,0.39810923,3.1822734
abnormal_009.wav,abnormal,0.18618491663338657,0.06509507576076194,0.013685344,0.00426906,2310.354394437054,438.9005346498425,2052.9014022811284,199.96024547466223,4845.297523961662,893.5597289522011,-247.73077,39.2694,58.55404,23.118137,-6.9593916,8.200815,23.577118,7.521589,14.495826,6.605591,12.122814,4.633373,-0.4667418,4.3611293,4.071634,4.784337,7.94084,5.465142,5.9385834,5.8490577,-7.376725,4.3294206,-1.6348976,4.715121,2.2873492,4.228199
abnormal_010.wav,abnormal,0.17278760233626198,0.023050604651124375,0.020926418,0.0024568273,2213.4463662016565,145.29894951187768,2036.5800782282322,59.10637151361677,4652.206469648562,261.6658082073029,-178.16695,10.606202,68.94919,7.0304637,-6.307774,4.1464734,19.398968,4.0137415,3.7211652,3.6510606,11.362113,3.645313,1.8040615,3.73193,6.491595,3.1977365,1.6746241,3.1157904,1.7409463,3.2539628,-1.8815497,3.449002,1.1528504,3.1330824,-2.5403862,3.3385813
abnormal_011.wav,abnormal,0.21196866263977635,0.03380031842401967,0.020464206,0.0037223897,2394.248406440509,168.6385954276919,2002.5582470451861,74.29359584064912,4789.112420127795,268.9053413783347,-174.63992,13.204639,57.97674,8.929414,-15.835513,6.812188,17.65831,5.2930326,4.929684,4.873403,11.693243,5.5852723,-1.3059486,5.50284,6.4879966,4.734907,1.6766452,4.4392247,3.770204,3.9104621,0.99572664,3.5738542,1.2357216,3.7027504,-3.4160733,3.25244
abnormal_012.wav,abnormal,0.20835101337859424,0.03150873497980265,0.015216834,0.0029459444,2372.453408633062,149.8384262372607,2043.9248977252082,71.02845201523986,4849.6904952076675,210.69239247945433,-199.36597,28.383625,63.402206,8.37259,-8.992897,8.656105,13.412291,4.451882,-3.3623054,4.615953,2.876826,3.9359498,-6.401356,3.7683048,4.738171,3.1468642,-2.2313387,3.3583007,1.3663601,3.047167,0.6965751,3.266049,4.5315247,3.2312639,3.4006176,2.8939521
abnormal_013.wav,abnormal,0.19955883087060702,0.01818661500836853,0.039781444,0.0031606467,2291.410699013122,76.07240984990523,2016.50885499239,28.460987920375995,4661.94089456869,105.34079081449592,-104.09046,5.7661023,66.70876,4.1530323,-7.7268376,3.7327998,17.62557,3.4763405,-4.603457,3.3982441,6.26344,2.8601606,-3.5341692,2.9745262,-1.0825784,2.8129108,-4.16744,2.9868362,-2.2903094,2.9551647,-4.6554446,2.853265,-0.97797686,2.9215193,0.6421676,2.8720028
abnormal_014.wav,abnormal,0.18524267422124602,0.013062003148201436,0.014849093,0.00065308996,2202.0190782987065,75.96385941680622,1978.9821777039858,43.55187965193527,4565.595047923322,122.06940177324887,-203.52821,4.5840626,72.49447,3.860111,-9.341883,4.340657,13.071444,3.062159,-10.214042,3.5204241,4.882495,2.883632,0.3315152,3.0603704,5.3169127,3.1414187,-3.7888784,3.0438876,-0.84399,2.7479525,-4.78545,2.812693,-0.4539229,2.78706,3.7017865,2.7078707
abnormal_015.wav,abnormal,0.15485691643370608,0.012925876605558691,0.020619644,0.0011271009,2183.292861918173,61.6090295867412,2121.729043177367,21.736807941878393,4783.521365814697,87.22302096724763,-189.0101,3.6128488,70.55078,2.7643843,6.5680285,2.7840936,21.541971,2.9689918,3.4081042,2.596755,12.477811,2.725427,-1.7306746,2.7296014,3.4904737,2.836979,1.0899601,3.0065377,1.2489033,2.7629292,-0.059104644,2.7734723,-1.5785949,2.8478353,-0.8917947,2.7553353
abnormal_016.wav,abnormal,0.15759940345447285,0.013925488871778956,0.020704834,0.0011126155,2136.3302626761756,68.30684195905292,2089.094684773002,27.085529184135243,4682.158546325879,103.79275757202139,-183.62387,4.5142703,75.305695,3.3582697,3.9775033,2.71768,17.304323,3.2612226,0.31361097,3.4201255,8.582543,3.1210926,-2.5731077,2.6464317,3.5661628,2.8828118,0.50529194,2.837127,2.300718,2.4525473,1.3296672,2.711279,-3.172796,2.8215003,-2.677675,2.773935
abnormal_017.wav,abnormal,0.19177753095047922,0.02042595373730065,0.014643312,0.0027426141,2220.898920327117,145.78727903401713,1955.4084861410024,88.64002810119804,4540.360423322683,304.87763668776495,-205.1077,19.466005,70.94447,7.953023,-12.6684475,8.632222,12.698921,4.248332,-9.515718,4.155041,3.0225794,4.600985,0.31238163,3.8417332,7.044719,3.3924968,-3.756463,3.832127,2.0626197,3.637509,-1.6762766,3.1141672,3.352182,3.1705153,3.665319,3.109854
abnormal_018.wav,abnormal,0.15179618859824281,0.014214715472141252,0.020586574,0.0012432986,2163.4638138942005,62.03177916150865,2128.1036910881226,23.143321832132216,4780.251597444089,88.16843593651474,-191.1791,3.4879224,71.42412,2.760996,8.671397,2.7218206,22.403984,2.6729496,3.3337655,2.5699842,12.064268,2.8667874,-2.0097141,2.8497357,2.8275282,2.802995,1.033605,2.7080965,1.0615542,2.7549162,-0.3764896,2.8705661,-0.7882752,2.8034587,-0.8320788,2.7524233
abnormal_019.wav,abnormal,0.1833223093051118,0.018231231335950334,0.019933494,0.0014365516,2335.2651674341514,105.24260364891488,2087.096287028191,54.9727627238352,4887.180511182109,212.79126261260691,-182.2571,7.606092,60.85899,5.011173,-8.170159,4.3355813,17.891,5.047121,8.932432,4.378424,16.500662,3.8317826,5.323381,4.2502904,6.272374,3.8395808,0.18186319,3.298104,3.421186,3.8107576,3.2062426,3.5083597,5.6635838,3.297256,-1.3522329,3.047726
abnormal_020.wav,abnormal,0.21837715904552715,0.02484442632354013,0.020062244,0.0037791075,2333.3678609953695,138.2766574842707,1917.0066798931553,98.9328205281571,4550.743809904154,315.5132044663317,-172.4813,16.115479,62.137024,8.099256,-20.752537,11.080629,15.232647,5.1091995,-6.8177524,6.7578416,-1.0078946,3.4599507,-10.442365,5.4106736,-2.2064717,3.4996,-6.8447795,3.728965,-1.5440575,2.9051337,-1.4241858,3.3360145,2.2677982,4.335233,-3.2725291,3.2546847
abnormal_021.wav,abnormal,0.15084302615814696,0.013900271475873228,0.020793546,0.001089616,2145.998935405047,60.783834237310224,2137.8694970735332,26.45070826929922,4767.74660543131,109.12503968887758,-191.03918,3.4745636,72.764885,2.7920194,6.304155,2.725929,21.877104,2.8044596,5.7257614,2.8236942,5.2298894,2.5111275,1.4740748,2.7266216,1.7146499,2.5935097,-2.7447627,2.690349,3.7260265,2.8966255,4.138331,2.6411288,-1.3644439,2.7881544,-0.8605097,2.7779357
abnormal_022.wav,abnormal,0.14328168680111822,0.028300417566342717,0.020570338,0.0032790399,2165.4962018988817,117.77153841062663,2150.414223212486,38.12984183734095,4800.968450479233,209.71696711987423,-205.31404,5.698781,68.497185,4.803434,3.6137094,3.083714,21.586452,2.9903498,11.724063,3.1311054,14.953706,2.7901247,6.922123,3.0136943,0.74452066,2.860518,-6.938815,3.257056,1.582399,2.9512405,6.2999816,2.7491539,-2.6577322,2.8442442,-3.23636,2.9713693
abnormal_023.wav,abnormal,0.14559517272364217,0.014413012567200746,0.020679632,0.0012883393,2147.205592654665,71.25649667336852,2142.3732270811834,24.402336462179335,4789.087460063898,103.71881177699689,-191.271,3.8074212,72.9993,3.004237,9.362606,2.6712615,20.191645,2.757525,4.3062296,2.6043472,11.346339,2.735587,-1.8407611,2.9229414,5.255329,3.0163462,2.5572515,3.0556233,1.3898641,2.8968813,0.11910962,2.7805634,-2.2390602,2.6984649,-1.1133622,2.9915354
abnormal_024.wav,abnormal,0.22034744408945686,0.027113037077441064,0.020238854,0.0031609249,2440.1951079390433,155.49486175292535,2029.5107490535024,66.72550329400346,4874.2012779552715,257.8123972985839,-170.6583,11.758732,56.543095,7.4902205,-12.889665,6.478943,18.004236,4.4407945,0.46900955,3.8917942,9.59125,4.0817738,2.0767798,3.964876,7.793031,3.39234,0.2906228,3.8962593,3.5975487,3.3114185,1.6573907,3.787966,4.595385,3.3289154,-0.66961133,3.5663989
abnormal_025.wav,abnormal,0.23641236521565495,0.04952466481142846,0.015427184,0.0033102452,2494.1340516041137,249.18026910304775,1918.9445067083734,82.45857264011747,4631.963857827476,356.4116089623742,-211.74466,30.71862,45.193447,15.005268,-21.888409,8.365435,29.088886,4.8811045,6.4425597,3.930486,10.718621,4.2652917,2.1658702,4.215531,0.8935463,3.2146533,3.8570616,3.694163,9.406047,3.4047782,2.4926236,3.1614382,5.059827,3.3644083,2.7026033,3.4025917
abnormal_026.wav,abnormal,0.17386088508386582,0.019661109652752015,0.020116758,0.0020539714,2331.6427976347904,124.42320302719878,2106.353824092315,55.9508362113159,4911.441693290735,225.93020396482282,-187.33241,7.445155,60.463272,5.860953,-4.3765516,4.8702536,21.1388,5.2180505,8.855801,4.835183,14.78458,4.360332,5.546043,4.466679,9.277038,4.133465,2.1530812,3.8937848,1.2346929,3.5976021,-1.0930603,3.589713,2.4359126,3.3560805,-3.117868,3.5507083
abnormal_027.wav,abnormal,0.1441225289536741,0.013606440326371356,0.020595733,0.0012666545,2118.628032696034,67.69344841403709,2134.727777920007,23.750328187536358,4743.934704472844,97.89566802603322,-194.38292,3.9190698,74.27864,2.9404325,10.712727,2.8174446,20.360508,2.829937,2.9395473,2.744331,12.585137,3.1281328,-1.7257516,2.703135,3.4189405,2.68617,2.007939,2.5062487,0.70382327,2.6859884,0.63532704,2.9369977,-2.142491,2.6555243,-1.8250536,2.7562149
abnormal_028.wav,abnormal,0.14744845746805113,0.012541433394665593,0.020657245,0.001183753,2118.561296840433,66.30074734857689,2132.3854772492177,23.92564266163949,4758.536341853035,97.26816167028656,-190.01538,3.5279274,75.71162,3.0444233,9.447464,2.7102134,17.463343,2.8242395,2.8486807,2.6655407,11.311879,3.0080929,-3.714248,2.9619427,2.0697815,2.7197204,1.1282995,2.7168825,1.5894557,2.7254071,0.7853526,2.8309188,-0.804476,2.9571426,-0.34607908,2.6578484
abnormal_029.wav,abnormal,0.23504424171325877,0.019577002216571594,0.014860743,0.0008849481,2488.188104031377,77.78381941301353,2032.4789418736875,26.22817423402467,4867.9862220447285,89.49414812314242,-213.06136,4.8412986,54.48555,3.3812659,0.68038255,3.2137117,29.697939,3.0413492,-1.0363083,2.8658664,15.8241625,3.2765594,-5.964206,3.582376,11.772595,3.3001907,-3.3567421,3.00111,-2.8241045,3.8308787,6.0542555,3.1420186,3.4504817,2.8548067,-4.9603066,2.713952
abnormal_030.wav,abnormal,0.18191986571485624,0.017295411172621122,0.015473884,0.0011976145,2179.029445472721,110.01438647386277,1976.3622725773841,55.75517962285835,4513.95267571885,235.66300200393667,-204.35583,8.707032,71.1601,5.2730503,-6.5026474,3.9856071,20.14493,3.647057,-5.998759,2.8862414,12.931567,2.8409328,2.0025506,3.1174967,1.9278044,3.0608776,-1.5965914,3.1379328,6.678706,3.0203013,-1.5485922,2.7736917,3.4455445,3.2617202,0.21828312,3.1580935
abnormal_031.wav,abnormal,0.14600701377795527,0.013323478573017362,0.020571053,0.0013967546,2092.1009646616803,73.88653163645326,2107.7225109754486,27.688549826844575,4688.373602236422,113.76121901430442,-191.16875,3.7587736,76.518715,3.1926382,8.454793,2.711063,18.895594,2.8228939,1.7760838,2.622852,10.666597,2.7355633,-2.099699,2.5738864,4.125572,2.7848406,0.91839415,2.954592,-0.20095557,2.7780943,-0.5224423,2.8095553,-0.5922201,2.9378715,0.8553858,2.7752566
abnormal_032.wav,abnormal,0.14810833915734825,0.011758940895713001,0.02062128,0.0012059348,2091.4912324199086,67.49217995931477,2108.402142140552,24.917809651573254,4699.605630990415,102.66292444233765,-190.22946,3.6257973,77.19782,2.8016603,8.129692,2.7535043,17.227362,2.9007018,0.9854081,2.794015,10.542656,2.728747,-1.305455,2.7116702,4.254807,2.7384925,0.9557791,3.0794187,0.20700887,2.8720481,-0.8472564,3.2783675,-1.466603,2.92922,0.26981762,2.5833917
abnormal_033.wav,abnormal,0.14521141174121405,0.01306157015113075,0.020614773,0.0010715388,2087.1507088187927,62.006594155148726,2109.5591229327592,23.333235242340987,4685.478234824282,101.76872795527983,-192.3325,3.527885,76.89913,2.5664012,9.932446,2.6128352,19.984156,2.8684866,1.5936894,2.8779206,9.491125,3.0457547,-2.9050426,2.7791944,2.1043427,2.982778,0.000103642764,2.634152,0.19501293,2.8705404,-1.4250661,2.5590243,-3.3434052,2.7775757,-2.2599096,2.7552438
abnormal_034.wav,abnormal,0.2020579572683706,0.03121528589365265,0.014358507,0.0040170173,2261.689579410342,203.14303618129534,1921.8272697492555,95.89833784035136,4482.852436102236,375.79037816878326,-212.32207,35.03059,64.912186,10.815506,-26.59005,11.553478,4.643734,9.031722,-3.67238,4.824094,-0.6619683,3.6729162,-0.96624404,5.010494,6.6042614,3.2809193,0.7082164,3.737458,1.3276831,3.9651532,0.98461425,3.9582536,3.8624635,3.2127256,7.3563313,3.9344697
abnormal_035.wav,abnormal,0.15031730481230032,0.018207540081234156,0.020637477,0.0017510384,2220.364058276544,76.9906520712027,2169.4521815317707,23.411235153607482,4888.902755591054,111.73307854681214,-197.30971,3.5467489,65.810425,2.7717268,6.517086,2.6631584,22.382578,2.8145032,11.959832,2.7477372,20.449505,2.9330332,2.818917,2.857643,-0.31721905,2.8186798,-2.6010184,2.7739413,3.6629248,2.850983,5.4375725,2.8871078,0.46242198,2.7534473,-1.9968464,2.9175246
abnormal_036.wav,abnormal,0.14359368759984026,0.015042169099169021,0.015341771,0.0010630696,2057.625745924812,79.24351016376178,2074.9461080546157,30.779677882514342,4673.147963258786,150.81443165649517,-221.70116,3.6151042,77.37991,3.3211699,1.031792,3.0518649,13.850221,3.1337183,8.976284,2.9047267,18.482834,2.5615025,-0.3903188,2.8796716,-2.1670687,2.5657265,-4.6991253,2.7619946,6.725207,3.084215,4.198741,2.621104,5.729935,2.5190487,1.1297326,3.07095
abnormal_037.wav,abnormal,0.1379402331269968,0.01564712296933134,0.014771768,0.0009969346,2073.916888191823,88.68482112876146,2119.891808201699,39.41598189981353,4769.493809904154,191.1921832283872,-231.50235,4.6288023,74.10335,3.5947683,3.9580705,3.0416105,18.820843,3.0608435,14.758359,2.7225244,18.72914,2.6849108,3.7654335,2.9055784,-0.5549366,2.8607635,-6.192298,2.9359646,4.9430366,3.0865028,2.2012334,2.923322,5.4929934,2.6125064,-0.76128465,2.954361
abnormal_038.wav,abnormal,0.14328948682108625,0.014927303166860532,0.020456703,0.0014623188,2074.48622729391,80.5082995189943,2076.4598578408536,38.451060337410254,4618.335662939297,154.24611059086047,-199.27655,4.1747217,72.18159,3.2106018,1.9246019,3.353875,24.227928,2.739965,10.766682,3.187961,18.850292,3.0767558,4.952502,2.97868,0.29712597,2.8016305,-3.809142,2.6364694,7.5147614,2.7024453,-0.09182027,2.776394,-0.7860674,2.740433,1.4553263,2.7312374
abnormal_039.wav,abnormal,0.15510651707268372,0.01679875102055192,0.02044912,0.0012090385,2111.5409624255326,71.60675403163721,2032.288978242544,26.746181306225186,4535.0688897763575,118.49083112548472,-193.09967,3.8015742,70.02705,3.093948,-4.5325017,2.739776,22.503603,2.8662674,9.994618,2.9422324,22.157187,2.8432608,2.333918,2.8327918,-3.0601158,2.6746945,-6.6425953,3.016963,4.7464643,2.8830914,4.5539455,2.7472513,-0.8226009,2.6547534,-1.0207388,2.9562066
abnormal_040.wav,abnormal,0.14551873252795527,0.01625147800493913,0.02055265,0.0014010315,2065.8644602895356,76.29958719361285,2105.0022463008368,35.26286002056144,4609.974041533546,146.89586920963606,-191.85953,4.584943,77.33459,3.3637545,5.6834064,3.3179884,20.86239,3.2194064,5.427088,3.6456141,5.759405,3.0214124,1.9557706,3.529188,2.548516,3.1505663,3.5012488,3.0623453,3.013806,3.0796294,-0.91026926,3.2597992,1.2644278,2.9361422,-2.9898431,2.7884474
abnormal_041.wav,abnormal,0.25673453724041534,0.019039658485761557,0.015129883,0.0018897573,2529.259475386374,81.73050534147994,1862.5641434313432,64.86389358167986,4643.270766773163,198.67272329507324,-196.6927,13.101572,45.70877,4.4484916,-31.467518,5.7393074,18.757671,4.600604,-5.6836576,3.8128412,7.251335,3.4710116,-1.7610952,3.2685933,6.303434,3.153057,2.229947,3.3263807,8.152931,3.2458398,2.8057797,3.349511,5.6048126,3.5747237,4.0757723,3.3748703
abnormal_042.wav,abnormal,0.13166901707268372,0.01463221544098664,0.03991438,0.0032816269,2089.4716391632282,92.43916649442941,2141.3278796517548,38.09809265567685,4780.725838658147,172.2781943132044,-139.04153,4.0246105,72.01369,3.6416976,6.1818814,3.0658755,19.800554,2.7640767,13.670403,2.8093808,21.478962,2.6578515,4.746344,2.715842,0.27926478,2.6769207,-3.6638348,2.8229406,4.3999157,2.6621304,3.0959277,2.8649156,2.1540675,2.7993286,-0.86984426,2.810502
abnormal_043.wav,abnormal,0.13097325529153356,0.014931035619954878,0.014617386,0.0008876161,2030.390517965456,94.04300601991865,2107.687258597522,49.002603522171896,4684.005591054313,220.78078250249553,-234.88239,4.6969786,76.28235,3.8817582,5.1069856,3.2436733,19.613188,2.9578667,13.643996,2.7201664,18.495735,2.5241535,3.378996,2.7698867,-0.23634207,3.0400896,-4.6255927,2.6823535,5.052695,2.9992423,0.037351772,2.7349446,2.4559634,2.7041185,-1.238531,2.7480032
abnormal_044.wav,abnormal,0.19500205920527156,0.01798356730371337,0.014745346,0.0010322534,2380.761518214304,89.92028370839768,2138.0076217153673,30.89755999288279,4968.949680511182,144.9243730214649,-204.70213,7.456036,62.496544,4.3954797,0.031766508,3.7495968,19.495106,2.987546,2.2274907,3.119858,7.0946627,2.7206593,0.8583998,3.0104487,0.28664088,2.8728867,1.3163663,2.8634827,2.3967109,2.8373225,1.2178949,2.5306437,2.7023914,2.9401233,-0.042032015,2.8898606
abnormal_045.wav,abnormal,0.1309826153154952,0.014603259294264904,0.039900385,0.0029960878,2088.810583049571,90.15256063261606,2150.874568268725,37.5143591066617,4794.453873801917,165.33524470735736,-141.04979,3.7781055,71.65394,3.3183475,8.199461,2.8580284,21.877546,2.9158645,13.835164,2.9214618,20.462587,2.8029113,4.2311034,2.478055,0.5192336,2.8125408,-2.8036633,2.4697435,4.264544,2.9229987,0.94039273,2.819744,1.2587856,2.836841,-0.45797837,2.7047207
abnormal_046.wav,abnormal,0.14772457817492013,0.02564019536144248,0.014849221,0.0048657977,2048.6477032776947,181.71678192032337,2043.1856014740847,157.9746621515309,4547.6737220447285,532.3084138227404,-226.48257,39.17783,82.205284,9.981978,0.068145655,13.20275,9.12013,4.5612516,-0.47771582,4.8167114,4.7206335,4.5582833,-4.262668,3.7860823,4.1776643,3.7648678,1.3212056,3.4680865,3.5830734,3.699435,2.2137403,3.1629858,6.0717316,3.0198174,2.0667799,3.10875
abnormal_047.wav,abnormal,0.2317791533546326,0.025045737072230276,0.014304848,0.0026239175,2406.7775267803395,165.68328180300622,1852.7020064600883,94.73984249250493,4472.54392971246,349.4933745108332,-215.13457,14.339454,51.463707,10.984791,-27.969662,7.077134,24.31098,5.422677,-2.9049318,3.8829699,2.5447268,5.329674,-0.19892639,3.4266946,7.9311447,3.7206762,3.2778082,5.809772,7.96815,4.381658,1.5368646,3.3673425,4.035401,3.2228217,-2.958087,5.014852
abnormal_048.wav,abnormal,0.195220459764377,0.022721471180350755,0.015243064,0.0014292349,2390.2192471305857,97.33596854398402,2123.0627972096063,25.15984355219772,4985.423322683706,118.30649539740817,-207.5795,4.9318666,61.620895,4.2603016,6.212217,3.1830173,22.383446,3.363758,-5.9213843,3.3410797,10.311398,3.067768,0.059074227,2.9197395,7.0849977,3.1180065,1.1157303,3.3772788,4.658371,3.225351,-0.30482507,3.011336,3.8622992,3.2275615,0.5675418,3.1936562
abnormal_049.wav,abnormal,0.1365658696086262,0.015428207308417057,0.015559254,0.001158037,2114.442984763519,81.66570742846255,2166.1307527970644,35.01421890937209,4906.274960063898,143.1939135176799,-227.0765,4.7103467,74.14958,3.4391549,8.600242,3.3814235,16.07918,3.0947816,10.410958,2.7637665,16.843565,2.5752573,2.2697668,2.7740014,1.9190339,2.5576327,-1.9757046,2.7778573,6.730199,2.871677,2.9000335,3.0760446,4.856633,2.9169347,0.8423535,2.8400707
abnormal_050.wav,abnormal,0.13071429462859424,0.01499658477191413,0.02071026,0.0014849359,2030.9690795643642,78.92015464069009,2117.849275120559,33.410533398913195,4613.493410543131,157.2254019577509,-207.97348,3.5484936,73.10907,2.942296,6.0569735,2.764397,26.518751,3.163817,15.039576,2.7489798,14.845198,2.8613179,5.586202,2.5741744,2.094139,2.9218593,-6.758182,2.7019591,2.2048044,2.9656537,6.4395394,2.8445897,-2.651547,2.7296631,-4.984241,2.9121852
abnormal_051.wav,abnormal,0.12405307757587859,0.017427018481696525,0.014523418,0.0011812897,2010.1884361464306,95.6328913043909,2111.558246572642,44.29214466606813,4653.978634185303,209.71997641059974,-241.44853,4.4756193,75.78024,3.8502152,5.2912674,2.9788656,19.881092,3.075119,14.637914,3.2066486,20.418121,3.0749397,5.74983,2.565905,0.10883299,2.8133218,-4.6898994,3.1718187,5.2062078,2.9214482,2.4239213,2.7954879,4.60417,2.9990833,-0.22848682,2.6693575
abnormal_052.wav,abnormal,0.15503631689297126,0.08501133661471678,0.039630372,0.005828519,2230.481357331927,514.5061879156993,2171.481354392225,104.79170348334665,4946.385782747604,576.4632891871759,-139.56148,16.522842,68.25381,18.388067,8.224511,9.411551,17.409964,3.6388764,14.29198,2.9182615,19.17941,3.5870442,6.122684,3.3351612,0.6103077,2.7445543,-3.0469277,2.6563551,5.6280313,2.5937576,2.7221332,2.7699037,2.8035624,2.8420153,-2.6134272,2.6228337
abnormal_053.wav,abnormal,0.1298204123402556,0.012811269873605017,0.014749663,0.0008993269,1987.2490880912476,76.76752589009133,2076.8979524513716,41.62021926404657,4677.1166134185305,172.89934091317863,-231.74545,4.0127044,81.137764,3.391844,7.274993,2.863637,17.9076,2.8519614,4.5579486,2.750566,12.964655,2.8090708,0.6975926,2.9170654,6.3158126,2.7673252,-1.6969516,2.6224778,4.5725493,2.834491,-4.270392,2.8592398,1.9370141,2.6172702,-0.18095858,2.6119514
abnormal_054.wav,abnormal,0.13379842252396165,0.013926729958946662,0.02059902,0.0011893606,2023.0162894704279,75.69640758518446,2108.49629454552,41.501765690107526,4591.62839456869,172.27271919057515,-196.55595,3.8145325,79.93523,3.2955217,4.8427835,2.8600955,18.683886,2.7255304,9.359947,2.9578707,4.836714,2.8729165,0.5578811,2.4738102,0.60147005,2.859994,1.3150855,2.6413774,2.8375728,2.6115472,0.9614127,2.6437962,1.4254115,2.7047155,-1.4715291,2.7197766
abnormal_055.wav,abnormal,0.12624488318690097,0.015121676924649595,0.014367344,0.0009884442,1996.561346126865,105.33212856795936,2087.174945311741,52.5077782672554,4577.8504392971245,236.0523930437648,-241.75319,4.646651,76.54156,4.327607,3.3430097,3.2777665,20.355875,3.0761654,14.526277,3.0409083,20.054012,3.0601685,4.502115,2.9583616,-0.32924056,2.781698,-3.6319604,2.8221478,5.826791,2.6606011,1.3808607,2.5536687,3.8629887,2.5340297,-0.4578376,2.7285497
abnormal_056.wav,abnormal,0.12438535842651757,0.013561281339576832,0.020145873,0.0026346063,1993.7117750891935,97.1948955393154,2150.0260410833384,51.125960698493806,4752.645766773163,244.4088641180511,-221.30284,7.4760866,83.32177,4.103866,8.066485,3.7001352,4.9567847,3.590729,9.497878,3.3161178,7.5682025,3.1424856,6.0832257,2.9217894,0.82475364,3.284946,-5.9564986,3.7173183,-1.4820662,3.3902912,3.4248352,2.981855,3.8599927,3.3686752,-3.4703395,3.2232208
abnormal_057.wav,abnormal,0.1873923597244409,0.05266622370951952,0.014426991,0.003541739,2168.2034981196534,331.8980991654311,1926.3801682489714,103.02340548504311,4410.5930511182105,512.515522102504,-212.19586,33.313972,73.71315,17.699003,-13.293823,5.329503,13.491719,5.133517,-9.085256,4.567773,4.516803,3.5793571,-0.9432269,3.4033773,5.150186,3.4374673,-0.75120264,3.8461645,1.0210043,3.3929644,-0.07274423,3.6274056,1.8580782,3.6247761,3.0232296,2.9732716
abnormal_058.wav,abnormal,0.14092608077076677,0.015466538418312702,0.015348622,0.0014880121,2125.639557352175,95.1923657585928,2169.990192578674,38.386179831668755,4967.601837060703,156.93194312180245,-228.35544,5.9548073,73.941635,4.0002465,7.3133836,3.0402799,13.012967,3.2844157,10.170179,3.0163846,18.90013,2.6030102,7.564128,2.8868575,4.491744,3.0381029,-5.131121,3.286295,4.832727,2.971614,1.9315975,3.4925807,4.1877775,3.226641,-0.5278665,2.8848052
abnormal_059.wav,abnormal,0.14948426267971246,0.015733930996368668,0.020761136,0.0014404551,2192.5102901126947,77.84974936643768,2199.8686211380323,26.39979124280321,4985.298522364217,149.12796196839727,-200.02788,3.45668,67.34229,2.830788,7.198085,2.8206346,22.585732,2.7977455,15.129354,2.6496372,15.466482,2.6359081,7.117936,2.7017276,0.16511619,2.7689466,-5.612107,2.8552222,4.251379,2.7283852,5.0426183,2.868613,-1.9099026,2.6802409,-2.9526844,2.6187623
abnormal_060.wav,abnormal,0.18030682158546327,0.028886362816771347,0.014565501,0.0033007753,2183.202758469557,232.45999656569748,1946.8418874688157,111.38000032752234,4384.210263578275,397.83775769235046,-217.38792,23.30638,68.90532,12.499332,-9.452785,5.874789,24.775831,4.6814575,-4.051346,3.4491537,8.753937,4.1374364,-0.3432503,4.5238943,2.885733,3.408245,1.3113984,3.5526197,0.57678384,3.6209888,-0.56774944,3.490183,6.964474,3.640891,5.9895735,3.857299
abnormal_061.wav,abnormal,0.1311791758186901,0.01802423132456957,0.0397733,0.0037178812,2001.7527689398341,108.62840592511236,2072.947024917872,49.99751967786801,4552.266373801917,212.60046771414687,-138.68178,5.0287685,76.136635,4.4728074,2.299011,3.3171842,21.07848,3.7744453,13.673207,3.1701221,19.764753,3.1063542,4.3872757,2.9563801,0.54758,3.0584328,-5.0185404,3.1011276,4.737836,2.959762,2.113767,3.201391,1.712299,3.348316,-0.6993142,3.164414
abnormal_062.wav,abnormal,0.25570337460063897,0.015529941849735947,0.039866913,0.003689616,2467.1759531461785,81.96496868477587,1850.1702009660944,36.031412839244595,4466.453674121406,161.7763700304802,-100.36061,10.420287,51.152866,4.9390707,-23.509102,3.8269923,31.871319,5.470604,-4.954066,3.088007,3.1418164,3.0791814,0.97515595,2.8036804,2.4569619,3.0772305,-3.9371614,2.8459136,0.11859053,3.0342402,-4.8454294,2.9134579,-1.8142296,2.970992,-1.6015947,3.1008923
abnormal_063.wav,abnormal,0.2515990040934505,0.02825542228710584,0.01442021,0.001876401,2568.276368949605,171.21701897633446,2015.037674712311,74.24220283323005,4977.510982428115,259.51339617103724,-196.59666,16.11925,49.998894,9.653749,-22.009676,5.4185886,9.261777,4.2352834,-1.1862403,3.7446806,2.37484,5.3350296,-6.8123984,3.9289072,1.5181404,3.7338874,-4.004085,3.0924504,5.60546,3.6905985,3.1662912,3.283807,-3.1372943,3.475887,1.8851557,3.302516
abnormal_064.wav,abnormal,0.24456182607827476,0.04025648361664345,0.019598197,0.0062023387,2549.738253259175,207.6515833655626,2028.3809380978037,61.502250450105656,4989.466853035144,306.6759101516339,-171.66898,32.562023,51.921597,13.006216,-17.361519,9.687924,12.535975,5.0932055,-4.6581726,3.6385343,-0.4476445,3.1412601,-2.4104326,3.9626744,3.6256847,3.9012413,-1.2072483,3.4895627,-0.45487863,3.1987689,-1.7007428,3.1572046,1.458876,3.2428033,-0.038158234,3.2313921
abnormal_065.wav,abnormal,0.2464743909744409,0.022273220327640744,0.020616444,0.0012927813,2603.771907509609,94.64681866471322,2092.563914037583,29.48936197682945,4926.7422124600635,94.80642548612231,-168.00177,5.9403234,51.82027,4.7469983,1.1705637,3.3033128,23.547997,2.8979797,-8.418541,3.0751836,10.626006,3.129166,-5.6081557,2.8822725,1.4527497,2.6077342,5.121529,2.8715324,-3.4419498,2.8766336,0.33837128,2.8525612,0.8802208,2.729971,5.5856667,2.7206852
abnormal_066.wav,abnormal,0.11033752246405751,0.01908711252227215,0.015750302,0.0021162627,1931.904757165935,113.80467909754083,2111.2148466881354,51.30246042031147,4732.677715654952,254.83727255807318,-241.74529,5.7791686,83.98309,4.193421,10.873368,3.4876335,12.416292,3.2278008,8.811414,3.1118505,17.839323,2.9588075,3.4695854,2.7209337,3.9332495,2.8311923,-3.8845534,3.1277719,5.7453375,2.8541381,-1.621675,3.0937262,4.5605016,2.9493737,-0.9565105,3.1133552
abnormal_067.wav,abnormal,0.1629174570686901,0.03305328730841497,0.019556811,0.0068897223,2074.7126165104614,270.9566696173886,2010.2256854619138,137.24284047149487,4407.572883386581,542.1852243781257,-197.81116,20.996923,78.52576,14.540915,-0.053374268,6.4975505,18.702185,4.9336596,-2.8194258,3.6411102,1.8709023,4.839446,-1.0757303,4.912685,1.5860755,3.9046757,-3.3609467,3.6761627,3.7105482,3.4855607,2.9340749,3.5514977,-4.8298,2.904228,-3.217209,3.2952633
abnormal_068.wav,abnormal,0.12952089157348243,0.01907364488741818,0.02048029,0.0014754258,1962.3049982707573,192.28795028726606,2094.114360282394,168.3932077512484,4536.391773162939,545.1114775268637,-201.21292,6.738745,83.719635,7.794316,4.79594,6.539181,18.464754,5.991228,8.910107,4.8135734,6.6396766,4.1641793,3.8256187,3.4737906,2.452639,3.3880203,0.643172,3.1382148,2.8192186,3.1052265,0.38378274,2.6787357,-0.8475619,3.2325842,-1.9891363,2.6094866
abnormal_069.wav,abnormal,0.13297474041533547,0.014408822663382063,0.020522065,0.0011650651,1987.5596766718106,104.73724577577467,2060.095950154041,77.67845549131658,4480.780750798722,253.33786867885468,-195.8147,4.440615,81.71897,4.4327197,2.9877536,3.8565636,19.253376,3.3839202,7.2351136,3.7148352,6.184018,3.3495817,-1.323823,2.9351768,0.9298154,2.9163356,0.13020904,2.6667743,2.2531676,2.7801654,-0.45171115,2.6825566,-0.019995887,2.7660775,-1.4819756,2.8127518
abnormal_070.wav,abnormal,0.16060865115814696,0.0374155284484702,0.014701222,0.0009294433,2084.337956431691,305.26368461227946,1980.5126603300878,150.51616873119542,4379.642571884984,585.2939206569995,-220.73218,19.482254,74.857216,16.517958,-2.3345659,4.4530725,26.393919,2.9951682,1.2855705,2.722858,9.385509,3.2572296,-0.17555368,3.2752206,4.5629954,2.9063492,-0.89445305,2.551246,2.0776782,3.0601428,-0.31263396,2.7446733,0.8349068,2.8476593,-0.28380004,2.695659
abnormal_071.wav,abnormal,0.2550356928913738,0.023043691914183664,0.020185366,0.0034849476,2611.778761275765,118.58534926588287,2001.009283873016,55.35410792946789,4958.291733226837,190.95023770292883,-164.01602,16.386776,48.71684,5.2637506,-18.043783,7.7526703,10.226962,5.7557554,-13.109618,3.7706797,1.4793974,3.4704058,-3.365592,3.2576663,3.24355,3.244863,-5.4437695,3.100999,-4.1027493,2.9429789,-5.6711903,3.1791685,-5.6859937,3.278495,-5.28632,3.3315694
abnormal_072.wav,abnormal,0.1337578624201278,0.0408380941845031,0.02041449,0.0017617199,1968.9725838133934,115.70403657204564,2069.670914805724,61.171385951522964,4501.148162939297,305.94259484986765,-212.08536,4.540468,78.72884,3.3646638,9.183625,3.380365,27.417238,3.18148,4.982971,2.709921,11.196707,2.7203948,-3.0790794,2.7483554,-0.57710934,2.6556714,0.3117046,2.7622938,6.1964602,2.736549,4.3178163,2.8590057,-4.9532514,2.9320736,-0.79635715,2.8473716
abnormal_073.wav,abnormal,0.09994945587060702,0.01702077800284542,0.015842058,0.0018874075,1932.6761314913172,119.08381802197431,2172.552500393095,56.53371201614622,4748.177915335464,252.15675241509118,-256.00342,6.2694216,77.812096,4.89717,17.507662,3.586357,23.34829,4.040986,13.17638,3.2805853,14.579454,3.0498772,8.050017,3.241555,6.6891627,3.3587456,-3.4233105,3.423377,1.7913766,3.2214644,-3.267374,3.394318,0.62974495,2.8969574,-1.9892032,3.0049827
abnormal_074.wav,abnormal,0.11883954422923322,0.03958230574272604,0.015037793,0.0018672034,1951.6414741930275,143.50783447247892,2177.8511784729762,65.61269898919221,4829.148362619809,325.22862498893784,-249.30376,5.832972,84.42429,4.563149,17.183239,3.4385753,11.800281,3.9731154,8.063849,3.0787923,13.541028,3.350265,0.6500254,3.453667,3.5991375,3.4871182,2.4599593,2.9297326,7.64137,2.9638076,-0.86825716,3.0861928,0.58594644,3.2485814,1.5427439,3.3052633
abnormal_075.wav,abnormal,0.11157304562699681,0.019353738744770393,0.020639816,0.0018020826,1924.5964548866505,105.29835249046086,2184.3780810478547,41.0707418528061,4663.937699680511,224.52986100714054,-228.97975,3.6922581,77.75866,3.4552367,23.12161,3.056435,30.270777,2.8146808,9.849136,2.7104297,6.880126,2.7482932,6.498783,3.0019886,8.066804,2.5987067,-1.9484173,2.5433352,1.8391441,3.1805642,3.5257533,2.906486,-8.715962,2.985447,-5.8664536,2.8023915
abnormal_076.wav,abnormal,0.27864479333067094,0.035496437549106044,0.014383066,0.0043444824,2676.085538007189,205.49599497741642,1953.0146290177806,90.44879793311061,4906.649361022364,351.35726340594425,-200.41798,33.10427,42.055393,10.530391,-18.031109,8.107899,25.338297,3.8335853,-5.7041435,3.8799632,4.3089385,4.035992,-1.7844601,3.924402,4.413148,3.4665532,0.42999396,3.671918,3.9265592,3.8337858,-1.6430005,3.647714,1.2445952,3.6386356,1.0417022,3.1928875
abnormal_077.wav,abnormal,0.2493151582468051,0.039362073999276735,0.014183678,0.0011748087,2452.3341717942576,177.11094409704373,1816.4610904078058,49.762158590713064,4365.51517571885,244.26223833946028,-207.37143,8.1182,51.59945,11.463419,-33.446114,4.104222,13.796249,8.445019,-14.695328,7.2749925,3.3954256,4.520018,3.7737067,4.0103016,3.868152,3.6971626,-2.4121056,5.9648423,-7.655835,3.2571757,-7.6234775,3.1511445,4.891955,3.2053332,2.9685464,4.536634
abnormal_078.wav,abnormal,0.136110348442492,0.010129655268630654,0.015315279,0.0015872637,2062.8027563701835,73.39575656991506,2197.575940604547,43.29974017647319,5024.88518370607,188.10288354236116,-252.48677,3.9117498,81.76876,3.0565164,9.632514,2.944284,0.5340817,2.9660323,9.457755,2.8898203,3.6223624,3.302693,5.201401,2.8060985,2.5637887,2.907438,-5.1303144,2.424599,5.335159,2.8754318,14.434065,2.7869816,14.386348,2.8343704,4.4668407,2.8945596
abnormal_079.wav,abnormal,0.12224815295527157,0.014127667648319629,0.014702084,0.0009624971,1941.9782103074888,101.31819680205524,2060.6027005805413,53.41941597685159,4469.898162939297,239.94367904164622,-239.93062,4.423411,79.34431,4.2446795,3.275519,3.3079708,20.459206,3.097094,15.089922,2.6753647,20.865042,2.6957736,4.2211933,2.8138075,-0.8827038,2.8549104,-5.4262867,2.9392614,4.4978957,2.8840473,0.69004273,2.9173968,3.4696338,2.9297647,-1.0450433,2.6875212
abnormal_080.wav,abnormal,0.11489117412140575,0.03358180576728898,0.020380775,0.0018837425,1921.381794403078,115.62377325599397,2106.046874097739,49.65392951609883,4520.067891373802,243.88278543705073,-228.4459,3.5610888,75.12577,3.36118,16.945536,2.6694314,36.030846,2.8745964,9.380845,2.8913443,13.573198,2.6325536,0.5991257,2.6551788,5.55427,2.7609615,1.973558,2.4955535,5.458355,2.7486541,1.972028,2.9429698,-5.2969723,2.676547,-0.26181147,2.8520968
abnormal_081.wav,abnormal,0.12433543829872204,0.015150983661290834,0.018877747,0.0019229975,2072.3805985487174,87.07371987096967,2209.4644994900464,37.837314254891496,5032.647763578275,176.71490091687434,-231.02902,5.8837667,78.44841,3.5452907,9.74077,3.491288,3.5322776,3.4693263,9.446355,3.4839218,9.744906,2.9590487,8.698498,2.9743621,6.095859,3.231798,-3.3343813,3.1351151,-0.3527834,3.0734332,2.2260616,3.1353471,6.3889976,3.239299,-0.7166207,2.8517587
abnormal_082.wav,abnormal,0.18198538588258786,0.05231055328755825,0.014693836,0.004628484,2151.6055991364,505.5532386411982,1890.8779136197588,317.26920043071766,4312.125599041534,1117.1418798521472,-224.88312,33.88977,77.25704,25.710732,-16.578484,17.329378,12.687702,7.382524,-6.9661293,8.244024,1.4529204,7.498593,0.39734375,4.957992,5.8250895,3.7539942,-2.1794674,4.0144286,-2.2272754,4.209304,2.2421353,3.6860304,7.147482,4.0529823,-0.868238,5.0966997
abnormal_083.wav,abnormal,0.12871592951277955,0.012210632683228235,0.015124285,0.0016991416,2021.8086193715517,82.25241556633458,2201.3598884752,39.99189216731558,5002.970247603834,186.34398714583185,-251.96298,4.7520475,84.55689,3.3606834,11.24989,3.3573549,0.8187881,3.2676644,9.47094,3.3220534,4.8184404,3.1117547,8.718645,3.5632265,7.757522,3.341706,-4.8973346,3.0437286,-2.7954617,3.2926633,4.004768,3.0539453,12.450939,2.937986,7.380019,3.0446231
abnormal_084.wav,abnormal,0.11619377745607029,0.013891591443540838,0.014814724,0.0012111098,1935.773602368426,96.59250151450348,2069.7677145030016,48.63591160778688,4466.253993610224,213.61300705288076,-243.06534,4.535698,79.49019,4.090486,2.9665124,3.4394205,19.068373,3.1855319,14.648362,2.8060157,19.303492,2.7286208,5.5104246,2.6345751,0.49670726,2.7934537,-2.7211244,2.9749677,7.8686523,2.779667,4.2749834,2.9048848,4.625574,3.0817592,-0.18494101,2.5627568
abnormal_085.wav,abnormal,0.29958628694089456,0.01724271743729309,0.014446929,0.00061998004,2699.8217578435438,62.40334844008798,1834.7959331152733,27.032422087862148,4614.067492012779,95.74948587364753,-200.697,5.0163326,36.838394,4.4276156,-22.984371,3.5524378,34.106182,3.6403193,-12.658467,2.9919038,4.8646507,3.2249355,4.453037,3.1771693,5.2551293,3.1203156,2.9153163,2.8595634,3.9922233,2.7451377,-1.6522263,3.0899928,1.4937828,3.0323935,-0.022567956,2.771512
abnormal_086.wav,abnormal,0.11317828973642173,0.018117079228972727,0.03975302,0.004878719,1922.8535923201846,94.41410064206939,2086.8929188308152,44.81703809477098,4508.4365015974445,193.03989489188447,-150.86574,6.45319,81.41109,4.286968,6.527709,3.1056092,16.134756,3.2576168,13.067999,3.4617834,19.57035,3.3965316,5.3397813,2.9368312,-1.7970611,3.3186653,-5.433925,2.9598129,3.4118426,3.1699383,0.51838297,3.0237079,2.1649501,3.0270116,-0.9673376,2.8563576
abnormal_087.wav,abnormal,0.11615789736421725,0.01883356298715463,0.015510833,0.0029962047,1880.4971716223718,153.03695694733105,2059.6003931306077,61.11596952825497,4550.943490415336,338.090261689063,-236.87186,6.619058,87.44346,6.729438,9.798624,3.9099395,13.899537,2.8931978,4.6454124,2.836622,13.445178,3.1885886,0.75905496,3.364056,7.0525384,2.9250157,-1.6029041,2.731013,5.802018,2.9023333,-3.7552197,2.7151744,2.3253362,2.5349798,0.81843066,2.8782175
abnormal_088.wav,abnormal,0.15517515724840256,0.01338347273789654,0.020435357,0.0017544077,2021.705405671341,72.52381922633434,1983.037991788746,48.356435329817664,4358.326677316294,172.27070846777326,-206.60942,5.941743,74.224976,2.969328,-3.61937,4.3705854,25.39167,2.948596,9.699129,3.07882,12.840112,3.321615,3.7280679,3.3147752,3.9823205,3.1693223,0.23505731,3.6364622,5.9144416,3.461478,-5.8995137,3.1917906,-8.67676,3.3071198,-0.51539326,3.510266
abnormal_089.wav,abnormal,0.23616900459265175,0.02141674093958676,0.019071532,0.007445038,2472.695774857149,135.6655804468695,1767.380965651064,204.44755975863302,4367.96126198083,445.90522008884454,-218.18636,28.444754,37.13987,7.635814,-42.552887,21.387642,24.391129,4.2068887,6.9410553,3.939398,18.665125,4.7070713,6.8940053,4.4794803,6.442352,3.133819,-6.410374,4.000067,-7.928263,4.988947,-2.280545,3.4888241,1.3250487,5.110865,7.1407547,4.389219
abnormal_090.wav,abnormal,0.12668324430910544,0.020094544479401094,0.03982818,0.0031236084,2118.396414790446,133.02627817537862,2230.06401385765,53.20228895943286,5062.250399361023,238.8082781122304,-145.23825,6.8852663,72.43985,5.0393376,16.917637,3.4097903,22.125265,3.3224642,12.189355,2.889373,12.024878,2.9735422,4.857754,3.1109636,6.329261,2.8370488,-0.625743,3.0572379,4.1601186,2.7071526,-2.9767394,3.0571225,-0.039458968,2.9123902,-2.8339531,2.878529
abnormal_091.wav,abnormal,0.19344361521565495,0.025107688101316653,0.021175724,0.0020983557,2448.7578400878915,136.50414868561856,2129.2357957162512,42.745838168771435,5137.704672523962,183.5146122900143,-177.02069,10.509645,57.71417,7.3751984,-10.152072,5.2783833,7.335605,3.8085861,3.6831367,3.6905332,10.585174,4.0123215,6.8651743,3.8145266,7.0349784,3.3189695,1.0617182,3.3584285,2.9544587,3.3634462,4.6498885,3.1664808,7.6351633,3.520172,-2.3988338,3.3523817
abnormal_092.wav,abnormal,0.10954816044329073,0.0444905457040319,0.014788355,0.0011601404,1890.8526020748013,422.85829920276456,2102.824705759879,177.65758629942408,4500.199680511182,813.2359640293785,-263.3677,28.564636,81.67285,19.005035,17.461197,5.2161565,24.273697,3.3493817,12.502853,3.4668927,15.54212,3.3624845,4.8817196,2.9093657,6.149346,2.7234778,-0.0741885,2.945234,3.492888,3.0144043,-5.8288527,3.1611392,-1.7083397,3.2990913,-4.6642685,3.2124348
abnormal_093.wav,abnormal,0.13721015125798722,0.023615670529117,0.015492247,0.0014883891,1963.687794537325,180.28882395914053,2012.7174816485806,107.00151838128431,4383.536341853035,414.9777848308408,-226.17412,14.176927,81.62871,7.9323373,-1.3465196,5.162541,14.889842,6.8428946,7.9293637,7.529868,19.502928,5.5633044,2.8692255,3.4771097,-2.617278,4.0241923,-4.4112325,4.312349,6.865578,4.3536844,3.985425,3.5544763,4.05601,3.374937,0.5339346,3.3946047
abnormal_094.wav,abnormal,0.15419703474440893,0.015453701605768396,0.020704577,0.0011815794,2224.448909193269,66.19974318603951,2233.3896946590694,26.39793271935677,5125.22464057508,132.73447042854653,-190.20325,3.4845412,72.3046,2.5413878,13.019909,2.9583893,15.855918,2.8430808,7.4923363,2.6456907,6.598316,2.7031355,0.068020806,2.5999527,2.566111,2.8435795,-0.72699726,2.6308908,2.8390436,2.679272,-1.555253,2.6632748,-1.0743239,2.8525162,-2.1060479,2.6674845
abnormal_095.wav,abnormal,0.13628194888178913,0.01475902786563392,0.020420974,0.0014002562,1967.5272947614399,64.64373406664077,1998.6929246439745,20.898243211146074,4379.143370607028,78.18732745082535,-197.78058,3.4346607,79.27083,2.68606,3.429022,2.861419,27.900066,2.9594073,0.62459666,2.6173084,11.317796,2.4707127,-0.61867964,2.6217127,5.058863,2.8378506,-0.7632471,2.8839781,3.39555,2.7223337,0.98157275,2.531925,-2.4943435,2.9561467,1.090786,2.8664546
abnormal_096.wav,abnormal,0.16320293779952078,0.014625618415643629,0.020565603,0.0012297938,2225.555469902003,77.56817588497907,2209.1854379246015,40.00342151463572,5136.406749201278,180.9628559663342,-183.33382,5.760033,75.26314,3.6232874,7.050067,3.8486958,10.036521,3.5068188,5.6851788,3.4526453,2.7920592,2.996863,-0.056739807,2.909716,-1.6164354,2.968169,-1.696424,3.043007,2.1610446,3.06676,-1.6353579,2.7582185,2.3823013,2.663769,-0.17857505,2.8952994
abnormal_097.wav,abnormal,0.23145779253194887,0.014334258131914227,0.02044035,0.0010679173,2323.215688169853,54.99785783657854,1809.5143833364682,23.01884484030289,4286.067292332268,83.63878682965857,-167.49463,4.668562,59.13044,3.2331836,-28.169392,2.8855808,27.835182,2.9984722,-3.704142,2.8177195,4.8689437,2.5858476,-5.2805367,3.0405753,0.50635237,3.4021878,-2.5960608,2.861518,-3.3508103,2.7516956,-3.3713562,2.8543463,1.6598443,3.1358535,-2.1680124,2.977118
abnormal_098.wav,abnormal,0.14343612719648563,0.04440353676131612,0.020128576,0.0046496196,2251.1407660318287,211.34853948247257,2274.387210007675,50.74497398943249,5116.014376996805,280.2838916119438,-222.71408,7.307341,65.310455,7.1205616,23.774837,4.00281,23.519836,3.677258,6.546712,3.5619094,15.924942,3.2006147,-1.2878155,3.5646603,3.7819989,3.016295,3.6910288,3.3758016,4.239562,3.2317297,4.7619624,3.4135242,0.5052596,3.1008508,-2.0464463,2.5918107
abnormal_099.wav,abnormal,0.11510489466853036,0.014748481871477084,0.039746393,0.004401459,1920.110783118633,95.96066518017982,2071.7443989153253,48.877212262533966,4443.914736421725,222.1976207202598,-147.31198,4.937405,80.20144,3.97861,4.1137147,3.0930297,20.161352,3.0331235,15.542885,2.9001067,18.393803,3.019866,4.7054386,2.8056812,0.07968668,3.014404,-2.15991,3.0241587,5.682672,3.1207182,1.0385628,3.008692,2.4767652,2.7495878,-0.8625985,2.8172195
abnormal_100.wav,abnormal,0.10300082368210862,0.03717647739576945,0.0204767,0.001353266,1844.9411734839684,163.26931321938707,2148.6290577751033,118.98178067503113,4590.505191693291,512.8321211837016,-235.91171,7.965569,84.41596,5.9434566,20.41883,4.575114,24.955614,4.2278814,13.527856,3.5082386,6.560564,3.5055037,1.6017177,3.3502517,4.5978084,2.8874478,-0.1800033,3.1372814,1.8719617,3.1858525,-1.7838622,2.924938,-2.4322243,3.3610733,-5.450083,3.0012348
abnormal_101.wav,abnormal,0.13228989866214058,0.012674128381526758,0.020532446,0.0011715604,1947.3262484283744,77.6812000582445,2038.2441409110247,47.99560731451322,4376.722244408946,174.5452860288548,-195.31432,4.1958013,83.463425,3.4429893,2.9369924,2.72151,19.64644,3.0578184,6.455124,3.0930626,5.8460426,3.210012,-1.3571814,2.8364472,1.4736634,2.802918,0.6483932,2.5789561,2.5423288,3.0389147,-0.14958312,2.9577682,-0.96353716,3.1194575,-3.432015,2.8775792
abnormal_102.wav,abnormal,0.18894300369408945,0.02547902195759116,0.021024138,0.0028010174,2442.957460361015,130.68850358551302,2147.3806112389975,41.7289758637978,5164.636581469648,187.8363004172725,-180.39264,10.298352,58.358337,6.4986362,-7.882556,5.0123158,7.2502494,4.620183,1.6555866,3.7638972,8.072172,3.5736666,6.4629865,3.7470074,9.800831,3.3255386,3.2291083,3.4071493,-0.32446575,3.9322665,-2.1652603,3.3285513,4.961497,3.7249026,2.226765,3.5868926
abnormal_103.wav,abnormal,0.11778966154153354,0.014158353374196238,0.039923426,0.0029720445,1913.6937962566062,80.25850707322522,2052.8559447254447,34.63599827138554,4418.106030351438,143.7098910118481,-145.16959,3.8544645,79.94148,3.1118126,5.248947,2.8460264,21.3429,2.8657799,13.066942,2.895502,22.579472,2.9519672,1.9530143,3.0781984,-1.8283399,2.6282284,-3.1009972,2.7949758,4.3671203,2.631304,2.0150888,2.8132768,2.1814125,2.8945763,-0.065004796,2.8493485
abnormal_104.wav,abnormal,0.15038906499600638,0.052219931595402905,0.016704125,0.0013799355,2008.0007445380952,522.1911842321542,2005.4877701407222,213.21325836884782,4291.6333865814695,911.2320951544503,-239.1434,19.680378,76.71423,23.234934,3.3713274,10.774858,22.573898,4.2361856,13.2000265,4.1581063,20.061028,3.1408598,4.6089864,3.7134593,3.4729524,3.5710983,1.397276,5.1133647,2.369805,3.2154205,-6.087302,5.3785677,-0.6784303,3.7804325,-1.1589805,3.4011037
abnormal_105.wav,abnormal,0.1988381090255591,0.01886850490518289,0.02079186,0.0020318828,2476.8958499076266,107.49644137566067,2139.942573292623,43.148866938607796,5176.817092651757,184.50624090171885,-176.29187,8.350637,56.666164,4.8856936,-9.19793,4.628676,8.252641,4.149025,2.4692934,4.1086254,8.472244,4.3156605,5.069319,3.8082445,8.607152,3.3762896,2.543843,3.5360548,-1.3638347,3.3209937,-3.8453045,3.5375862,2.7545583,3.0815263,1.0507269,3.1732447
abnormal_106.wav,abnormal,0.1397389177316294,0.01043469377970422,0.014820609,0.0015572408,2123.237942848425,80.69038955102168,2221.039731639436,44.744593233969546,5158.37160543131,188.9328059990276,-253.28694,4.165843,79.71721,3.728918,7.580114,2.8551123,-1.8620014,2.9889472,10.652793,3.0195694,4.199015,3.0060098,6.7048645,2.7227592,4.0562773,2.4411323,-6.2875137,3.1360648,-0.5651975,3.0514166,8.939411,3.3034537,11.530335,3.0813026,4.461221,3.6524282
abnormal_107.wav,abnormal,0.10864335812699681,0.057576032648968586,0.039839722,0.0038965365,1822.6993406236518,161.9196060965468,2177.5681835129044,78.92868099369413,4603.559305111821,417.9377943424985,-168.12128,4.863932,87.832275,4.291935,25.325342,2.7542124,21.233664,2.9359982,11.251994,3.1925642,8.851102,2.7435417,2.3744085,2.719845,-2.9646559,2.8282206,1.7807415,2.5315034,7.1808453,2.6620114,-0.010868085,2.6867247,2.9851773,2.863515,-2.1705308,2.8470867
abnormal_108.wav,abnormal,0.1540254343051118,0.047989212135143997,0.019603604,0.0063814158,2313.8627108778487,248.0331472878086,2280.5192287977807,83.02819296600195,5174.146365814697,345.88780288523606,-227.77716,15.068283,62.022125,9.160089,23.146744,7.4380984,22.607838,6.304339,7.7016788,4.1064935,18.817022,4.7000504,2.1142204,5.375252,7.0929136,4.276553,4.382608,5.3176236,2.3171713,5.7661185,3.6938772,4.6652255,-0.19469133,5.971518,-1.4975449,4.9168153
abnormal_109.wav,abnormal,0.09314315844648563,0.03218308406135463,0.01577223,0.0011513865,1810.5876249790551,129.4682499989844,2199.729137626922,65.12531327622078,4806.13518370607,328.1562735874396,-266.566,5.381393,88.90858,4.641732,31.23443,3.1288517,15.740855,2.8745697,9.073981,2.8248675,13.793408,3.062895,1.1457131,2.8880162,4.172508,2.7310064,1.1405103,2.5269294,3.6530964,2.8980696,-2.5146317,2.8670475,5.135859,2.7158167,-0.03201528,2.775401
abnormal_110.wav,abnormal,0.14164368260782748,0.010399427513278093,0.015490378,0.001624658,2148.2782292809743,68.79524361668645,2233.2842352229136,41.00703356055625,5187.27535942492,152.21472941279458,-247.73598,3.854157,76.89986,2.7778718,9.241225,3.2381237,1.9521424,2.943602,10.572923,2.6619027,7.432355,2.66381,9.640109,2.5979705,4.3953886,2.9429116,-5.9021077,2.95919,2.8903718,2.9358997,10.865526,2.9912488,11.16503,3.151857,2.3015635,2.651633
abnormal_111.wav,abnormal,0.12199075229632587,0.012122739944156786,0.0399392,0.0028117972,1919.4682844648817,67.83101364132239,2033.5505523323684,25.487869545788417,4348.442492012779,121.7816839342967,-136.24431,3.8035827,83.92025,3.0406992,4.8682404,2.9490683,21.07467,2.4888084,5.7859716,2.7758007,8.060255,2.6078103,0.07955331,2.5615475,-0.13819058,2.8803928,-1.0083607,2.784501,2.8660054,2.7624118,-1.5245603,2.4999142,1.9098278,2.5393443,-1.1638476,2.6737328
abnormal_112.wav,abnormal,0.15590367911341854,0.012137994400545905,0.016822426,0.001931939,2217.8299527100885,85.82153656957449,2214.7054602943895,58.04038494982505,5216.902955271566,192.7434396771798,-227.27254,12.630478,74.87279,4.208105,3.6455145,5.2343087,-5.760956,5.323063,4.5725513,5.903668,10.140491,3.873057,9.893316,3.9924214,2.8723507,3.8115914,-4.917927,3.5805752,4.6576633,3.775779,11.00888,4.0023513,12.42733,3.8066275,3.6864524,3.663007
abnormal_113.wav,abnormal,0.13512754592651757,0.018349397356418988,0.040030178,0.0021314882,1931.5155033408512,174.9596161471599,2002.6730810344493,100.45626149608725,4315.894568690096,384.33506876074523,-125.272316,8.395264,86.68416,8.258979,2.4557924,4.1221786,14.471469,3.1337938,-0.3852232,2.7008588,6.899361,2.7361038,-2.8295274,2.8642254,0.34056643,2.9081957,-1.1110364,2.684805,0.86931425,2.9654858,-0.22892366,2.8295157,-1.2083069,3.0932968,-1.0993097,2.7484357
abnormal_114.wav,abnormal,0.15879592651757188,0.0237167775010825,0.020602506,0.0018748327,2312.5444407705186,91.47776447997717,2261.9423775846176,40.77581670589854,5215.605031948882,155.93848611653016,-196.06493,5.430443,65.50994,4.0459676,16.17427,3.0733397,21.603453,4.619438,6.31778,4.659676,8.814882,3.3098905,3.5100691,2.9960132,4.810008,3.8440025,3.3157578,3.2408538,5.551504,3.289653,0.22163878,3.405148,1.2113858,3.1005585,-1.4509534,3.011761
abnormal_115.wav,abnormal,0.15789580421325877,0.014372235092917563,0.02067404,0.0010556194,2282.571377286701,65.49544322081707,2247.144336275946,24.257357464223574,5221.795127795527,113.13328416626845,-189.2906,3.934745,69.405075,2.7338545,12.2741785,3.119183,16.935656,2.8483133,8.430819,2.6933253,6.633566,2.81449,0.12343015,2.8161662,1.5681032,2.7387075,-0.5881494,2.7731063,2.9741757,2.7698627,-2.2502418,2.9239547,-0.74193,2.624861,-2.00354,2.4414914
abnormal_116.wav,abnormal,0.19293037390175719,0.027248974105725042,0.020844832,0.0030360273,2480.881467842022,130.66359268155904,2160.635550448686,46.12312160436504,5224.016573482428,207.0917624278557,-179.12544,9.187165,57.367836,6.024172,-6.3959517,4.5646687,8.970821,4.2432914,2.2930386,4.2285113,6.34059,4.205357,5.199892,4.119151,10.429166,3.6024895,4.3640947,3.536805,-0.10592119,3.7501178,-4.813833,3.3917668,-0.9036042,3.4515033,-1.3246067,3.5730522
abnormal_117.wav,abnormal,0.12052434854233227,0.012443189162193216,0.03991333,0.0028329594,1904.5937876629423,66.26877091376991,2036.5774477594778,27.272895262115473,4333.04213258786,130.94945882773686,-139.36586,3.8986564,83.576126,2.8689458,5.492645,2.7905138,21.999735,2.9215147,6.1760707,2.6645555,8.891715,2.8313923,1.2618504,2.7580197,0.89015853,2.9977043,0.17924337,2.7490733,3.9258678,2.7149925,-0.6909712,2.9184806,2.570689,2.777766,-0.42783672,2.7162511
abnormal_118.wav,abnormal,0.1154028554313099,0.0344269312294348,0.020474851,0.0014927513,1854.8062022536274,114.0441734569252,2051.889078463007,58.09930894618401,4367.41214057508,283.5255902504175,-221.49545,4.2985387,81.40534,3.722482,13.390575,2.6773276,32.19757,2.8516932,7.408958,2.749175,12.364225,2.631658,1.5159253,2.4565766,0.9270626,2.6289697,0.754384,2.37722,9.578256,2.631903,-0.40752363,2.6130478,-4.2152767,2.4640906,0.7961463,2.8496416
abnormal_119.wav,abnormal,0.19571498103035143,0.02119753494769505,0.02043607,0.002122524,2480.545507618029,107.07569433887943,2167.861434474253,45.378800231962224,5235.04892172524,181.35408742923826,-178.4766,8.087595,57.29878,5.1150317,-5.543278,4.7785616,10.619322,4.2221303,4.2862334,3.9173207,9.325713,3.923048,6.845487,3.4637434,8.940449,3.1624236,1.7496538,3.1669638,-2.3408988,3.158132,-4.612258,3.6497943,2.101457,3.2744107,1.3654528,3.1714454
abnormal_120.wav,abnormal,0.12691412490015974,0.04019624780924833,0.014936962,0.001236209,1910.5356036275334,292.9299986603194,2001.2466873190583,113.56314498197288,4282.123602236422,492.0420933324359,-239.5915,11.582352,81.241974,11.1677265,-0.5272743,5.4420023,19.597563,3.7271607,14.100134,3.0358815,23.557331,3.4027297,5.173399,3.0170712,-1.1438535,2.6324525,-4.6218467,2.7835155,4.8229904,2.812447,0.6585264,2.8169048,2.5513356,2.7302127,-0.92367566,2.891965
abnormal_121.wav,abnormal,0.1363240689896166,0.010840742415679562,0.014940911,0.001526506,2113.706852308122,73.33665777157759,2246.6565472764164,35.96832306751295,5229.35802715655,160.57070421555116,-250.9707,3.6398573,81.90625,3.0997605,11.501869,3.2935774,-2.1540394,2.9861364,8.654215,2.9229672,2.2635021,2.9487617,5.945666,2.958482,5.9071283,2.9146771,-5.0380015,2.7963989,-3.623935,2.8438346,5.628286,2.9954386,13.241158,2.9897063,6.96464,2.9089317
abnormal_122.wav,abnormal,0.11591297673722045,0.010734045706531137,0.015581936,0.0009849997,1850.0616415251882,72.52974659292487,2007.1323296266676,38.40682180476419,4323.157947284345,167.35828378958368,-231.02841,3.7975588,88.20124,3.1863067,5.51241,2.9609308,17.110542,2.7675083,4.7739987,2.6941798,11.319667,2.844062,-0.00682425,2.9272244,6.2738643,2.6363313,-1.9674975,2.5148396,2.4781482,2.7370803,-2.8688927,2.5032377,1.7720602,2.6639154,-0.104800895,2.8614
abnormal_123.wav,abnormal,0.08249145117811502,0.02217631500168109,0.039744772,0.004780253,1747.490958565965,185.65892495900016,2192.168817860611,75.90911888700646,4623.003194888179,369.70370931664235,-185.16759,7.1211724,89.47639,7.281112,30.559137,3.1591487,17.185278,3.1044276,12.379652,3.236724,12.536083,3.152685,6.72517,3.005196,3.8189452,2.974295,-0.733997,2.8908172,4.035219,2.813816,0.089509115,3.0604117,2.0113451,2.8823946,-0.56766516,2.8019927
abnormal_124.wav,abnormal,0.13338346146166133,0.015119927456128814,0.016689224,0.0015436299,2152.513922216471,92.14353823038984,2265.7048842196446,35.48259185351368,5236.621405750799,167.48386634027125,-232.85498,4.697769,77.693016,3.5958352,12.981555,3.280544,3.700632,3.2283762,8.963597,2.9000332,6.7578588,3.3665125,6.98298,3.2857084,9.179865,3.0663397,2.616833,3.062043,-0.06674424,3.0479472,-5.981546,2.9348543,-2.1138332,3.2377226,2.8048337,3.1553547
abnormal_125.wav,abnormal,0.15338583266773162,0.011115161026653197,0.014695115,0.0016357981,2225.105686655122,72.6034450589933,2235.3019709234327,42.95493940664763,5271.615415335464,165.06318416098316,-245.05806,4.1159434,74.3844,3.2163427,6.4229226,3.2964284,0.5057049,3.190176,10.716761,3.2743492,7.175504,3.020434,6.785076,3.0580258,1.5423973,2.8582263,-7.1575527,3.0813155,2.5120316,2.6897154,10.418916,2.7451758,9.382851,3.2139223,1.2744391,3.544618
abnormal_126.wav,abnormal,0.09923185403354633,0.041014946156496576,0.039856866,0.0036550674,1791.4799422734932,136.9194237888421,2095.066105177242,68.49117163201566,4413.588258785942,342.9781643763069,-168.66676,4.6932716,87.012856,4.113635,18.990059,3.122995,22.321833,3.1840165,8.464765,2.8619769,13.653208,2.820087,-1.8317466,2.6565042,1.8180236,2.4900858,3.8822439,2.336313,3.1934042,2.8521109,1.1102449,2.7518544,1.5268217,3.0187435,1.441285,2.686575
abnormal_127.wav,abnormal,0.21017153803913738,0.018099173998079643,0.020456543,0.0020669282,2536.4966945506035,101.39693376388928,2144.5191302419553,43.50079655666101,5255.491214057508,176.15642504588865,-175.45894,7.3421817,53.73616,4.5323,-11.500537,4.386409,6.930778,4.1329913,4.8353043,4.0161657,10.96843,3.9837492,5.7257037,3.8023283,5.1807017,3.7141562,-0.9793597,3.4283943,1.9791851,3.5207129,5.0440307,3.4685082,8.124233,3.237938,-0.83706546,3.2956395
abnormal_128.wav,abnormal,0.14234100439297126,0.011746997051205342,0.016444622,0.0020118458,2165.2205363545404,93.90913806997736,2249.3303054818152,66.7867378833788,5270.716853035144,225.09285374269686,-233.19284,13.451612,78.844536,4.2488,9.648577,4.085209,-5.245272,4.34386,5.874834,6.779829,8.619707,4.0180135,8.64112,3.917551,4.239154,3.570354,-2.9132814,3.829735,6.9264293,5.301709,10.790139,4.0153117,12.092365,2.9317193,2.0065987,3.619975
abnormal_129.wav,abnormal,0.13332106130191693,0.0217642823209335,0.014394399,0.0015773505,2276.1782244822402,132.0737156281897,2276.9154220839905,44.08649229238393,5277.306309904154,192.25200120667833,-246.67494,6.692726,62.920177,5.303155,16.0501,3.520527,24.52957,3.0029695,13.951517,2.9897945,14.34466,2.8911986,6.6261616,2.8287187,7.708318,2.9258094,0.0010350139,3.0501783,6.1838713,2.9178598,-0.3362804,2.8840866,1.830637,2.7830968,-1.5878365,3.1206605
abnormal_130.wav,abnormal,0.10524410942492013,0.014353003063330623,0.01567029,0.0012621856,1839.5639984613324,101.93496295110106,2035.7516670119971,50.7257031825704,4289.0625,227.61055033719398,-245.10043,4.380518,82.78681,4.2381773,4.4339595,3.3505888,20.836971,3.0548735,15.434941,2.5825171,22.26866,2.758752,6.089067,2.780047,0.0163719,2.9669304,-3.8738596,2.7910693,5.21739,2.9550896,0.43078077,2.7761683,2.891044,2.9134424,0.31472486,2.8523486
abnormal_131.wav,abnormal,0.3089587909345048,0.021687931830749085,0.015073343,0.0010284794,2838.0841050421172,116.35995260915799,1915.5146097338093,32.010475348725464,5030.401357827476,163.85038460893207,-197.53697,9.245765,27.533337,8.772225,-21.44862,4.7553406,32.787952,4.227982,-0.9717403,3.8661919,10.259979,3.8468907,4.622862,3.5634158,7.3604403,3.1970046,2.1595623,3.3261473,7.005846,4.158728,-2.9038134,3.9122326,5.3241477,3.5722659,-0.10343304,3.3216388
abnormal_132.wav,abnormal,0.14285736571485624,0.012529123297146368,0.015563184,0.0024055988,2213.753271533321,78.39116039386154,2259.6802144049416,40.161516283325476,5288.213857827476,156.71873750084634,-240.68376,5.7659187,75.08962,3.3488522,9.453819,3.2407017,1.8339477,3.634961,6.423464,3.2233014,6.656125,3.1588936,10.356149,3.019816,5.1318088,3.1456673,0.5904961,3.2099957,-1.4156591,3.1935422,-4.31436,3.1925988,5.4101853,3.106139,9.296927,2.9516022
abnormal_133.wav,abnormal,0.20041995307507987,0.01829563758354493,0.0206169,0.0018726666,2513.549293639665,98.92557670325935,2176.9105733897213,39.44312383778612,5283.845846645368,168.43433208512482,-175.83646,8.038478,56.13456,4.386655,-5.6797547,4.1467905,9.1753,4.2214174,3.2086143,3.8147776,8.503442,4.1288147,6.2021203,3.8110726,9.492507,3.5729165,4.741298,3.4929218,1.1275736,3.4068587,-2.290803,3.2097776,2.5581899,3.487697,0.81416494,3.220542
abnormal_134.wav,abnormal,0.1077572758586262,0.012081848527095934,0.016210811,0.001160524,1819.8594567922153,75.8742614039366,2018.6207162358362,35.06391950012063,4303.963658146965,165.39265728086198,-233.50204,3.6770413,88.773155,3.338432,7.1417084,3.1077929,16.725111,2.913837,5.2336636,2.9189267,12.064809,2.8641887,0.9668393,2.5861955,6.6743693,3.0206633,0.06277909,2.8299716,4.392143,2.9822845,-0.85283136,2.825056,2.663337,2.596025,1.1131935,2.7522771
abnormal_135.wav,abnormal,0.1291028105031949,0.01250346071749772,0.020393299,0.0013967511,1886.5958331649538,67.71234245507156,1946.963838170413,24.041767855226873,4236.04732428115,114.13904542103755,-199.73251,3.6971848,84.33796,3.2635612,0.58452946,2.7090652,25.96244,2.5395508,0.8349209,2.9019914,11.656742,3.0234,-2.244167,2.7286503,3.7471979,2.6209328,-2.0149612,2.9791229,1.1343368,2.902708,0.71316224,2.9192746,-3.0581822,2.8676264,0.52508765,2.769082
abnormal_136.wav,abnormal,0.12414823781948882,0.011091877202541591,0.03995008,0.0023569518,1884.006944224315,63.74242360947899,2007.7031142173385,28.34637949095461,4246.730231629393,133.42420775609543,-133.19984,4.2051806,86.99131,2.9151564,3.6974154,2.6517098,19.483992,2.8858824,4.782559,3.0460207,6.3976316,2.6945703,-1.1207873,2.9145546,-0.54240066,2.9935253,-1.4191395,2.712152,2.9076574,2.701252,-0.68217367,2.6423326,0.6130338,2.918726,-3.5274162,2.737988
abnormal_137.wav,abnormal,0.16077089157348243,0.024950856030786388,0.014841559,0.0009450473,2335.636149808736,130.5763343530063,2257.483997895654,50.05909493362574,5308.356629392972,216.12050364698447,-228.1804,5.572032,63.23783,4.931611,13.18127,3.6062217,23.349443,3.1860867,12.741851,2.868543,11.296443,2.9501474,3.6008787,3.250115,4.8464475,2.8441834,-2.4352026,2.4229093,4.107987,2.725212,-1.2338259,2.9087298,2.2990963,2.688269,-2.5200932,2.9583802
abnormal_138.wav,abnormal,0.20662564896166133,0.027185172983539077,0.014749891,0.0031425168,2188.4877031483784,115.78288404107252,1795.1412289592217,85.4020366972418,4117.836461661342,244.72450259107814,-207.59422,29.529982,67.63747,7.121655,-31.032835,10.161143,17.568108,5.653775,-7.724787,4.028097,-0.16769755,3.370187,2.036302,2.8675873,8.892091,3.2193606,-1.0769699,3.059269,5.0375915,3.6374483,0.40795898,5.032574,2.198109,2.9808283,4.210106,3.0855653
abnormal_139.wav,abnormal,0.2124460238618211,0.021771648907001458,0.020753525,0.001711017,2559.949812847,99.50118488176406,2198.484607658713,29.56531959413932,5272.189496805112,154.2251062006256,-173.4371,3.961225,55.416862,4.1550107,6.6926956,3.2043402,19.2137,3.0470963,-0.58869374,2.653309,8.944402,3.1982713,-1.5827007,3.0095959,5.674183,3.1197886,1.2851726,2.883751,-2.6194763,2.6205344,-4.3191404,2.7471561,2.158786,2.664036,2.1721294,2.883222
abnormal_140.wav,abnormal,0.1439821285942492,0.02078100191857405,0.01495681,0.0013721603,1953.098429892228,151.23959580095183,1897.509712393232,76.02811284415688,4178.464456869009,257.7089815838055,-225.48544,9.5114765,80.766785,7.2639155,-7.3611894,4.6531916,26.126377,3.3769262,0.9497244,3.3101144,16.846468,3.5416145,-5.1117268,3.369117,3.5784674,3.1146052,2.091775,2.9098017,3.2810402,2.835665,-4.715922,3.1770873,0.3293084,2.9024758,2.451694,3.1497083
abnormal_141.wav,abnormal,0.12662552416134185,0.009443035214129807,0.014912529,0.001389283,2119.846522977034,70.54776522307822,2269.4266398388663,42.673704586549135,5286.841054313099,178.05917936651278,-262.8859,3.932435,78.75151,3.1500382,12.879386,3.0320368,-1.8728784,2.9058058,11.73883,3.0865448,7.9951234,3.00419,9.266862,2.8978524,5.7170806,3.0592713,-4.160382,2.903231,2.750474,2.762293,10.667202,2.4954932,12.357495,3.0996473,2.9621394,3.1648674
abnormal_142.wav,abnormal,0.14565133286741214,0.011066211799081951,0.014788944,0.0015353392,2166.9848286753972,82.13040835794882,2259.744723343977,43.898040014947654,5304.163338658147,173.90608867578476,-250.57538,4.0807767,78.27733,3.243687,10.694406,2.9715338,-1.3494368,2.9539294,11.81189,3.1220782,5.669365,3.2624407,5.7343864,2.8738577,1.9382628,3.047679,-7.035161,2.9881284,3.3632329,3.032873,12.1065035,3.0083325,11.515079,3.3468127,3.1944895,3.1793466
abnormal_143.wav,abnormal,0.1060943116014377,0.015348064546380207,0.01457649,0.0015584669,1830.492548330814,112.54433590050681,2026.3285887398,65.61746591850664,4261.6313897763575,288.3807622166894,-252.29068,6.6480646,83.60429,4.794231,3.8321195,3.7397883,20.592989,3.214323,15.56377,3.2854013,21.527725,2.987661,5.276076,3.1261077,0.67035383,3.3078058,-3.4489028,3.2847164,5.0699925,3.1530786,0.42868325,3.1702652,3.3236213,3.1994586,-0.54425955,3.2272844
abnormal_144.wav,abnormal,0.1711901582468051,0.01677113330237487,0.020560328,0.0013133672,2346.2253085415937,87.25259928845664,2246.791842501968,35.129544821611425,5320.98642172524,156.12806676943902,-187.6606,5.6328125,63.880054,3.4520907,5.399169,3.0588374,17.131104,2.5393615,15.96797,2.8163717,13.361306,3.12127,4.783165,2.8021498,-1.2183251,2.8422225,-2.7691634,2.52762,4.72524,2.5811737,2.3706079,2.8521898,2.7898083,2.9714568,-3.2588143,2.9008193
abnormal_145.wav,abnormal,0.12498751996805112,0.013621801765134398,0.020435505,0.0013743468,1877.5359253122533,94.26877670400894,1994.0894436486992,65.75295698180082,4214.082468051118,215.50486791181558,-199.53357,4.0021253,86.60267,4.2243323,0.42829496,3.043644,19.067358,3.616301,7.1801734,3.1566064,8.429302,3.2738678,-0.29494157,3.0376086,2.7148042,2.7405188,0.41250885,2.7850845,2.552286,2.744988,-0.58806235,2.6734633,-0.6464446,2.501571,-1.8660756,2.732291
abnormal_146.wav,abnormal,0.11110348442492013,0.012297635462039816,0.015616776,0.000949418,1823.092110647073,75.81302725092577,2007.7353047862896,38.09206855831625,4259.26018370607,190.1228727765854,-233.58998,3.8603106,89.8858,3.5686343,6.1096654,2.9906569,16.581438,2.818194,5.334485,2.9732628,10.727287,2.7467902,-0.7406354,2.804066,2.9120927,2.6280944,-0.5972687,2.6052675,3.9838407,2.6170907,-0.793632,2.8083696,1.6842633,2.4291499,0.37541434,2.6789644
abnormal_147.wav,abnormal,0.12922293081070288,0.018298418337654967,0.03991246,0.002623402,1900.564362354235,68.39398030442888,1972.170819075591,38.14623780904983,4206.619408945687,146.18609320156702,-139.15457,3.8261483,81.612785,2.9053662,-4.3537717,3.1344283,19.327568,2.7897544,13.812734,2.9649854,22.110802,2.9390223,2.0899224,2.9402413,-4.2931037,2.9470286,-5.295837,2.7987354,5.42877,2.5615344,2.0559506,3.1441526,3.009144,2.9984865,-1.8927524,3.0291994
abnormal_148.wav,abnormal,0.15246231030351437,0.015114423115823105,0.014719292,0.002233809,2241.438279280528,85.37202488208179,2258.562117997839,44.362637989091034,5330.720846645368,163.09956988663862,-241.21423,5.3661976,74.37365,3.8946173,7.372823,3.677352,1.058742,3.4323137,10.097085,3.3676724,3.8228498,2.97121,3.7203171,2.902819,8.537125,3.0986326,3.0257754,3.0732052,-1.7232286,2.7886493,-5.411586,2.9803123,3.7416134,2.9229393,9.059306,2.930967
abnormal_149.wav,abnormal,0.12359287639776358,0.015324754792425921,0.015150844,0.0009918455,1869.8312681102998,64.58536564498202,1985.9624523030875,29.90027475731542,4207.393170926518,147.6488861186356,-235.35709,3.6733952,82.50819,2.6897168,-1.0969096,2.5399714,19.372732,2.8548512,14.987445,2.8826134,20.927456,2.7325523,2.5761096,2.9821486,-3.825107,2.588856,-5.580163,2.8410645,6.220166,2.6001513,2.1925602,2.7783136,5.898132,2.8440752,-1.4296612,2.8409226
abnormal_150.wav,abnormal,0.2360395242611821,0.02877780893246534,0.0147341825,0.0018003035,2286.582467756122,126.73879191132966,1781.0465750277972,72.15514687966511,4087.959265175719,200.09570203795153,-212.56674,10.1558485,61.178207,7.3458724,-22.174355,4.906728,38.789284,4.497676,-5.660486,3.7027175,6.2891297,3.3778186,5.9196124,3.6233754,0.0632901,3.837622,-2.6294222,3.6178405,8.434621,3.3603392,-1.0440152,3.1396005,1.4994788,3.2189786,3.9583082,3.6554003
abnormal_151.wav,abnormal,0.21588583266773162,0.02010070309452056,0.020072589,0.0013119826,2573.9852326071555,108.19667474056448,2169.934429395231,39.93431057779801,5303.289736421725,162.1526243181811,-175.91095,6.8634615,49.63937,5.0012407,-4.1657147,4.329135,19.625366,4.105807,9.193832,3.8532262,12.9502325,3.8023663,5.2235494,3.580253,9.517296,3.4780319,3.8524165,3.466638,4.73148,3.050679,-0.1559447,3.3366926,2.7054849,3.2097747,-2.8616552,3.058863
abnormal_152.wav,abnormal,0.1371009509784345,0.014388767173338425,0.01720662,0.0017513618,2195.1943925322153,86.52469593098661,2281.674443022858,38.97965658682747,5321.236022364217,160.2952210351088,-232.97554,4.4569135,74.48703,3.5265672,12.56983,3.4382002,4.8192043,3.213617,10.000128,3.4282684,8.958166,3.0845814,12.249593,3.255396,8.864933,2.8591065,-0.97750473,3.0928113,-4.9356914,2.8558376,-8.709665,3.164719,1.7168012,3.0475535,6.2714033,3.2821052
abnormal_153.wav,abnormal,0.1642887005790735,0.012335363619201678,0.02044737,0.0017847118,2400.169314441885,75.49108574151292,2229.3683619631665,31.90625603349902,5343.799920127795,143.0433496852298,-206.75485,3.733955,62.257477,3.230675,1.155556,2.8725023,4.345925,3.2447357,3.8925571,2.666028,5.7551603,2.84278,7.6340075,2.7881696,1.5585293,2.8430724,-6.058268,2.7023885,8.154497,2.8443887,10.3819685,3.1401203,1.9321673,2.8440447,-3.1434288,2.9050713
abnormal_154.wav,abnormal,0.19265581319888178,0.027739263815940635,0.020941336,0.00272982,2491.7236205277945,150.5884572543477,2200.0174032790774,40.92801914845909,5337.634784345048,198.82731310339622,-179.68605,10.152128,57.496544,6.885767,-3.3178287,5.237036,8.423475,4.453716,3.3604429,4.32018,5.983935,3.7011595,4.0720296,3.841274,9.11399,3.5824797,6.5952353,3.5592191,4.4369183,3.3563561,-0.7504647,3.5043344,1.3138034,3.6336114,-3.004386,3.613847
abnormal_155.wav,abnormal,0.14483233077076677,0.010479082721636218,0.014820917,0.0013804738,2187.765605517364,69.74042680923392,2263.0403154842597,41.731400784568265,5338.258785942492,154.06656811530002,-248.40025,4.5779634,77.80662,2.7799187,11.495085,3.1341,-0.69303864,2.9742312,9.063505,3.115855,3.1288297,2.7805164,5.20046,3.1753786,2.039387,2.71034,-7.5014405,2.6137748,2.371931,2.8750274,11.227364,2.8085573,11.830924,3.3671842,2.5791407,2.8444073
abnormal_156.wav,abnormal,0.15412995457268372,0.017982549501351693,0.016657954,0.0020767548,2334.0855199659068,109.03231540956111,2279.6095479361925,37.4893917765296,5341.753194888179,161.74176872464355,-224.6124,5.0245485,67.36415,4.4058313,11.87632,3.3472672,11.358923,3.371464,6.176505,3.2277148,2.3052385,2.7664573,5.417164,2.9027214,7.6497135,2.9960744,-1.1475488,3.0808651,0.55530196,3.1686857,-5.7183175,3.0264223,-8.570626,2.9813714,-0.31141534,2.751306
abnormal_157.wav,abnormal,0.17848629692492013,0.0158224999847075,0.020313434,0.0027029542,2441.425710015616,81.9319117172002,2226.8655514969014,33.58731581860845,5348.592252396166,147.77705693776386,-201.8922,3.923272,61.169746,3.395695,1.6559107,3.0379415,4.998928,2.9449646,2.12661,2.9280374,5.9121914,2.7211685,4.7285085,2.8189118,2.4689112,2.7951913,-6.3102,3.0773444,2.2567008,3.1232033,11.883482,2.9058318,5.6227565,3.4098296,-0.6709072,3.1449976
abnormal_158.wav,abnormal,0.28205184205271566,0.023722546127196993,0.014187087,0.003379958,2764.6728339116275,152.1576094494372,2033.7519836960614,121.81430604373232,5223.018170926518,375.29045860702985,-208.85158,32.40263,33.907948,6.3050404,-21.179657,14.423462,14.354868,5.3804135,-1.464481,4.2865806,5.456908,4.182218,4.3818502,4.521624,9.7641325,3.580813,3.3411775,3.4732025,5.19553,3.6812518,2.939645,3.3405364,2.6714451,3.2667403,-4.0869718,3.5566592
abnormal_159.wav,abnormal,0.10604751148162939,0.01676127399672607,0.020360012,0.0020573784,1826.6024082617128,185.906513320434,2016.0025048082712,161.29254555460145,4220.547124600639,533.3577772902213,-214.71385,7.335498,88.31821,7.5717416,3.5603647,5.691229,20.628473,5.67806,8.497187,4.945457,7.5149775,4.443554,2.9692414,3.4148264,4.899518,2.8540514,2.6418853,3.7854254,3.9109716,2.579507,2.0278008,3.0882168,0.8750891,2.975306,-0.085146226,2.8673916
abnormal_160.wav,abnormal,0.20560696635383385,0.019780428030857704,0.020827118,0.0019085672,2551.0833681511003,107.44005196865305,2179.301626579077,37.48074323168522,5332.443091054313,163.24174513867652,-175.03738,7.008561,54.00792,4.9375224,-6.588678,4.1403584,8.529218,4.0389037,2.4359548,3.7316275,7.2825837,4.088883,4.9908247,3.352944,10.140881,3.423693,6.733124,3.301741,3.8218896,3.281363,-1.6110315,3.2417154,0.23320985,3.2136486,-3.441545,3.298223
abnormal_161.wav,abnormal,0.30801186851038337,0.08153225118442706,0.01927162,0.006873565,2859.3946837586686,483.1597620766309,1952.293022164601,93.92266590111076,5120.157747603834,542.9604012772114,-182.33798,35.63838,30.643705,29.076576,-16.16265,10.134216,23.61425,7.3285203,-6.773046,4.630304,5.512808,3.5264096,0.45801455,4.5060973,6.627402,4.737664,1.1632557,3.733098,-1.5217327,5.992632,-2.971142,5.0449557,1.2212623,4.971105,-0.045056425,3.9921155
abnormal_162.wav,abnormal,0.1302462934305112,0.015853420063264036,0.014730612,0.00086350954,1891.3180526551648,63.01825225066029,1951.2194967120195,31.49701290825943,4154.627595846646,146.55254277657536,-231.59364,3.3627994,83.44949,2.8477426,-5.4749756,2.7335098,18.621605,2.919557,10.468675,2.8860936,19.661419,2.968323,1.5959657,3.1078143,-3.0662274,2.9853735,-5.536934,2.739715,5.6201873,2.9780517,2.9622262,3.1027472,4.5249267,2.652091,-0.9089558,2.7438765
abnormal_163.wav,abnormal,0.2532666483626198,0.0223438514289577,0.014964197,0.0012627532,2664.5421908349253,111.17214311794848,2148.026585127183,36.03490053625574,5297.1495607028755,161.4274336263301,-192.22946,7.5081825,49.2586,5.5614634,-2.1702533,4.1533356,16.741661,4.4615364,-2.9829776,4.5452,7.801275,4.1415005,1.4466759,3.060029,2.5339134,3.0098643,-1.7648727,3.0886204,0.4483316,3.5633457,-3.454079,3.3527365,0.7090761,2.8871522,1.5209553,2.7621849
abnormal_164.wav,abnormal,0.15297399161341854,0.02100399283415916,0.039999526,0.0028858928,2344.4392190644176,126.82930466443273,2295.06533345296,42.30013295805153,5342.97623801917,190.74477564501595,-138.70076,5.4328957,60.64674,4.5379796,18.388224,3.3627784,26.803514,2.9982564,13.660028,3.012931,12.409968,3.0086684,3.6216576,2.7752283,5.6385937,2.7623785,-0.7370512,2.839743,4.504798,2.7144573,-1.0142812,2.7681167,-0.8730354,2.7848234,-2.3609312,2.6366534
abnormal_165.wav,abnormal,0.14586661341853036,0.025134315526168655,0.039607216,0.0046246285,2346.284356951448,118.34328005692626,2283.0662575847027,45.318860659570745,5348.966653354632,190.1619419627607,-140.36482,5.414713,61.16719,4.116077,14.238364,3.65832,23.278402,3.175219,12.559817,2.9517634,12.502403,2.9528375,5.9979215,3.2198408,5.638125,2.7460506,-0.5063378,3.0380158,5.8302264,2.995054,0.71435314,2.8334317,2.7000544,3.1437917,-1.348676,2.8045583
abnormal_166.wav,abnormal,0.13763135233626198,0.01325098209882216,0.014883396,0.001287479,2170.299497887259,78.68363065173571,2286.915232970125,38.84506748423692,5347.968250798722,161.1573079113889,-246.56734,3.6186695,78.45425,3.0196579,13.927479,2.7189035,0.9700201,2.8559759,10.327767,3.0380862,4.1205688,3.1017401,4.4504333,2.8695245,6.440758,2.8729615,0.9677222,2.8204813,-3.1478534,2.8236578,-7.1191983,2.6153169,-0.19191764,2.9758818,6.0572968,3.0042067
abnormal_167.wav,abnormal,0.1574699231230032,0.011541725576361834,0.014812204,0.0017618649,2238.9922641020976,69.54817544681597,2262.009661720486,39.807424321739575,5372.10463258786,152.13288966793095,-241.38243,3.7452896,75.82369,2.7700548,7.097012,2.923916,-2.0686643,2.7062535,11.754534,2.999839,6.4155746,3.0277867,5.5118866,2.818337,3.3095875,2.818895,-4.7571635,3.0441926,2.5283582,3.2973664,8.537752,3.0177095,8.37649,3.0626967,0.29583976,3.1981785
abnormal_168.wav,abnormal,0.15799564446884984,0.019421516931052683,0.020596303,0.002113637,2355.9088459991813,80.00535750645018,2279.8606790562267,29.458460429677306,5363.743011182109,123.6788368561111,-197.08534,4.9810104,63.260563,2.9343638,9.172361,3.228045,13.937952,2.9405298,14.598056,2.695349,18.04017,2.7875643,6.0216823,2.9201035,0.67204005,3.0425208,-3.24131,2.9249961,5.9242344,3.2954872,4.9050198,3.269655,1.7636545,3.0159087,-3.1730664,3.2544692
abnormal_169.wav,abnormal,0.12798896765175719,0.018346809900361798,0.0142512135,0.0011143573,1887.0333202075465,76.74718173780042,1946.2432793574437,35.111196179295895,4142.996206070287,164.30192178936065,-238.90833,3.9934325,82.22915,3.3171701,-6.214763,2.8888934,19.991117,3.0592456,11.7759695,2.9600103,22.67946,2.7822318,2.65543,2.6571085,-3.808483,3.0167444,-5.9412937,2.6489797,5.4200087,3.2323768,2.0518847,2.7238157,2.9146004,2.732102,-1.0270405,2.830718
abnormal_170.wav,abnormal,0.1473720172723642,0.01150664000460973,0.014638849,0.0014512006,2196.9508793648874,75.43976129717281,2270.200871616438,38.02638966051483,5367.561900958466,151.48502754539106,-251.01393,4.59849,77.00809,3.3380787,10.652505,3.086018,-0.97199315,2.9645317,12.035459,2.9607635,6.17101,3.1512089,6.2602963,2.9949758,2.9668853,3.041741,-8.258983,2.9297426,1.0325149,2.8652358,11.184393,2.9301436,12.210238,3.0433023,2.8368106,3.2145078
abnormal_171.wav,abnormal,0.15526251747204473,0.01095607764043666,0.03987093,0.00419949,2301.193348314175,76.68673557055335,2242.175585961477,37.54063341020704,5379.667531948882,159.02909779134148,-148.5612,3.8061464,70.51389,3.0357566,4.9906898,2.5685816,0.59990716,2.908332,4.817401,2.66032,-1.4425416,2.96218,2.8367596,2.607564,0.4682809,2.9433582,-9.384015,2.92853,3.4036167,2.766583,14.613481,3.1993744,8.155639,3.6395588,-1.3148929,3.3034515
abnormal_172.wav,abnormal,0.12088938947683706,0.011666835482759019,0.03998125,0.002250629,1857.0155967499425,55.45822437296039,1950.5398066533448,23.16506422096652,4175.144768370607,108.48545419111531,-135.82024,3.7243466,85.62078,2.7449944,0.6244029,2.6984937,24.006018,2.900309,3.5316966,2.8444047,13.630626,2.84426,-1.3428738,2.6298318,4.043245,2.9703672,0.30566794,2.7935636,2.643397,2.823327,-0.57708275,2.9303834,-0.9720688,2.5008457,-0.83033687,2.535788
abnormal_173.wav,abnormal,0.15019718450479233,0.015028487105676813,0.014313005,0.0019769315,2258.9448627053516,95.06379518443848,2266.8137723997083,41.82028534856031,5383.935702875399,178.54084973256963,-248.6588,5.067838,73.64259,3.963392,8.817117,3.041547,-2.0170345,2.9690187,7.5389595,3.0359876,7.1374254,3.0519118,8.40271,2.9691262,6.97728,3.1407924,-5.529575,2.833333,-0.14891565,2.8217702,5.7246842,2.8055885,9.469576,2.9540246,2.6848123,3.0538776
abnormal_174.wav,abnormal,0.16086605181709265,0.023735252573361156,0.020499682,0.0023182507,2325.0490114389245,99.04509153058498,2279.40119111893,27.542866393172435,5380.790734824282,156.77828420856045,-195.81133,3.9969032,65.49451,3.571214,10.418369,3.2696025,14.851307,2.9600627,15.288345,3.1449804,16.12743,2.8114252,4.72022,3.2507846,-3.0319788,3.1008928,-4.0927467,3.3904052,5.0401816,3.1011004,1.1966395,2.9929736,2.377909,3.1090164,-1.9667671,2.5838518
abnormal_175.wav,abnormal,0.09864061251996806,0.023722979551107755,0.040012468,0.0030981568,1768.0857820596298,105.50447237750856,2074.221531549645,60.18450636783641,4240.190694888179,332.84814314720444,-166.62692,4.292499,85.093124,3.79297,14.234613,2.8532946,27.969025,2.5820377,13.132867,2.7685745,11.115441,2.6362624,5.827245,2.734298,5.3624477,2.8252325,2.886733,2.87879,5.878753,2.6478553,-0.32395986,2.5856137,-3.7756727,2.8740456,-1.4411547,2.7796636
abnormal_176.wav,abnormal,0.16747266873003194,0.01422509501824556,0.015878893,0.0014957426,2354.578292464238,73.24126662119664,2272.240714722457,30.60513749352315,5390.999400958466,108.33445836551552,-221.45831,4.585667,69.01498,3.240693,10.805374,2.6851127,6.91566,3.3607156,0.40558803,3.1802118,-0.48864084,3.174623,11.159867,3.0206697,6.9784985,2.9861357,-6.117375,2.8621662,2.323621,2.9961867,-3.955795,3.2506044,4.2992883,3.0458899,13.918789,3.0366254
abnormal_177.wav,abnormal,0.12571136182108625,0.01166257441476776,0.020477837,0.0011705563,1865.217706639274,60.25072339233529,1931.8301165291664,24.05302881522215,4141.5984424920125,119.95625973358561,-201.06679,3.611074,84.851166,2.8154356,-0.7800973,2.9372423,27.314434,3.0169063,2.3390536,2.7088962,11.3460655,2.5510578,0.37704822,2.807938,2.7294035,2.9355693,-3.2564127,2.8449008,4.8757358,2.5406196,-2.0398371,2.6792762,-3.89325,2.539368,0.60643137,2.6388037
abnormal_178.wav,abnormal,0.16554762380191693,0.013121900311826891,0.039835088,0.0047927997,2325.419890600036,84.86646951359086,2241.090817486643,39.987121934607394,5397.264376996805,168.17161231037755,-144.57208,4.2126045,68.71896,3.4859867,2.440286,3.2758653,0.7545568,3.0287807,9.338931,2.8847623,4.1450944,3.2370307,6.311843,3.2791474,3.1382592,2.985139,-7.8946586,2.8810143,3.1047566,2.8274868,12.866289,3.1090531,6.1642046,3.6483653,-2.2621164,3.225809
abnormal_179.wav,abnormal,0.1570877221445687,0.012208425604605232,0.015470938,0.0015027433,2281.307187898649,77.684188953027,2273.895002347304,37.08025513846943,5398.038138977636,139.77879141252103,-235.05006,4.0779204,72.954185,3.3286712,10.70471,3.0889099,-0.59659415,3.0946605,6.913118,2.945859,7.4992013,3.2361686,6.660607,3.1088305,7.35998,3.040498,-6.8335037,3.176376,0.9580985,2.9653442,8.621086,2.903217,11.408708,3.0521357,0.57609165,3.1996362
abnormal_180.wav,abnormal,0.14667157547923323,0.012438738969814789,0.014349406,0.0012800719,2242.961166089614,84.30781980664649,2276.8471544174854,40.33051529218207,5397.364217252396,169.39001305009853,-250.05951,4.712749,73.89441,3.6394696,9.466883,3.25149,-2.0943894,3.1797059,9.056631,3.004099,8.388416,2.965276,8.052758,3.0208328,4.1056046,2.9839675,-6.003017,3.3214264,2.994362,2.955971,9.313067,3.2790134,10.254297,3.1827075,2.3445413,3.157074
abnormal_181.wav,abnormal,0.12088314946086262,0.013531499819311062,0.039949887,0.0027582685,1837.0935523912262,66.8604770047246,1956.5559983551332,23.67991673484662,4162.689696485623,117.63454356745392,-138.31705,3.776897,86.993675,2.9191682,3.2903004,2.8857307,24.084358,2.7419355,2.6616666,2.907863,12.243891,2.8156714,-1.5000236,2.6977603,3.7351987,2.7461748,0.46176553,2.569543,1.7507005,2.6505249,-1.6577606,2.9979572,-1.823078,2.676997,-0.25801665,2.706533
abnormal_182.wav,abnormal,0.15672892122603835,0.01791272220011951,0.018993832,0.0020851854,2384.687191252023,108.05258175204263,2275.2243077362177,37.86771567789768,5397.98821884984,157.86219288788888,-212.38129,5.8376412,63.135475,4.111293,11.334063,3.1950974,11.319971,3.0657494,3.8334076,3.3052437,7.035496,2.996106,10.450658,2.988772,6.4268856,3.165075,-11.253396,3.1016412,-7.0967927,3.190063,-5.359453,3.303599,1.5025672,3.220472,5.168275,3.5548744
abnormal_183.wav,abnormal,0.15031886481629392,0.013348963926762344,0.016844995,0.0015693302,2252.820412890824,92.23734629985908,2283.7646450835573,40.74684683510135,5403.828873801917,189.05405222055418,-228.48862,3.9715226,72.71604,3.4749794,8.327905,2.7902977,0.9964311,2.9547374,10.785122,3.2029881,10.43247,3.0936992,11.798038,2.9771037,5.0266604,2.928974,-4.3311887,2.6365805,1.3243327,2.786803,8.469407,3.1397936,12.006934,3.032775,1.9134794,3.2279494
abnormal_184.wav,abnormal,0.1423612844448882,0.01523953792749902,0.018093685,0.0019289763,2276.3689400331114,96.3562116909547,2314.9105996818703,43.86054635183117,5392.871405750799,198.55491582859688,-220.17137,6.3314967,71.34878,3.7268002,16.582632,3.6499524,7.316146,3.265012,5.954072,3.4220123,9.379882,3.0773044,5.8896265,2.9630675,5.4833717,2.9851134,5.35068,3.4247863,-3.3028405,3.097585,-8.429879,3.1215248,-5.4090323,3.0348113,-3.5446208,3.2275653
abnormal_185.wav,abnormal,0.15685060153753994,0.010722223507088464,0.014996849,0.0015185947,2259.9498384886047,85.82168865703136,2280.2590302340627,46.203942176523356,5410.093849840256,170.34347401497902,-238.37338,4.3726535,74.62584,3.440327,8.054471,2.9087656,-1.4150933,3.0711188,11.626922,2.8674593,6.814954,2.7274249,5.096441,2.8354838,3.2720327,2.6907973,-3.6674418,3.0196223,3.7476757,2.8855848,9.654012,2.7480774,10.273077,2.9105349,2.1729105,2.7651312
abnormal_186.wav,abnormal,0.15161990814696485,0.01312247189292957,0.0148062995,0.0011316063,2250.8178033638164,74.9913085532571,2283.057834954751,35.221810609709785,5409.644568690096,142.50311898054366,-242.21446,4.319072,73.74919,3.546972,10.199164,2.7029243,-0.7625361,2.8468425,9.915213,3.0681767,9.537897,2.9409313,8.350415,2.943879,5.0107174,3.1735394,-5.6540112,3.2716842,2.4176147,2.9502041,8.430389,3.022091,10.662892,3.1459377,3.1931467,3.274459
abnormal_187.wav,abnormal,0.13962815744808307,0.014062059618707715,0.014298768,0.0015058954,2220.6717735342645,86.71416965661045,2296.9304672225403,39.59470608515301,5403.554313099042,173.35305080099454,-254.6833,3.8568563,73.872826,3.2759368,12.135094,2.763548,0.5217922,2.9040987,10.714816,2.7510543,7.335718,2.7831628,6.265809,2.905015,6.2233872,2.8296041,-0.45146203,2.727765,-4.8472943,2.7624218,-6.9622946,2.7990139,0.6840977,2.9930835,6.426027,2.9765475
abnormal_188.wav,abnormal,0.10793979632587859,0.012432731717358616,0.015834268,0.0010243007,1790.3183673612941,64.359135736757,1979.512649901742,35.440613323338276,4167.382188498403,166.31102039382634,-234.74026,3.9977803,90.854294,3.0198464,5.196278,3.1402547,17.892239,3.035001,4.6822543,3.0325515,9.725573,2.832408,-1.4215552,2.708975,3.6536913,2.7747116,-1.249894,2.6196756,4.2588844,2.8654583,-0.20650157,2.9176776,2.1963081,2.7363627,1.212394,2.5256112
abnormal_189.wav,abnormal,0.09217127595846646,0.012805414577590801,0.03983274,0.004188168,1739.0908736631025,82.55962281025589,2061.93926896438,33.59058140978839,4223.517372204473,182.3918374911832,-161.0811,3.9888504,91.15965,3.0242834,15.02755,2.8788285,21.158007,2.7470071,10.600606,3.0210662,7.7958765,2.6810763,3.9733474,2.706527,3.161855,2.7562718,0.65484595,2.945001,4.5376244,2.8972116,-0.12867,2.915967,1.0076493,2.8250597,-1.7043402,2.5972984
abnormal_190.wav,abnormal,0.2169029552715655,0.02320171582643216,0.020379905,0.002070005,2611.7702312233782,106.7669445047459,2178.498936830853,37.43334338130933,5384.93410543131,146.02362270720724,-175.15001,7.5022,51.047054,5.314152,-6.481737,4.6078897,10.178519,4.1582828,2.6196327,3.852034,7.6397033,3.7338698,5.965218,3.5606797,8.350901,3.378014,-1.439888,3.107276,-0.81242687,3.3513238,0.64581513,3.2498627,6.9183097,3.4716568,5.80329,3.5633166
abnormal_191.wav,abnormal,0.16358513877795527,0.020165748825733066,0.02040074,0.0014840178,2396.433361413073,117.08086376244121,2290.9613816483165,37.71482562258471,5415.235623003195,177.69096661222346,-197.90225,5.81959,59.729633,4.3905325,14.571938,3.3409898,24.670809,3.093736,14.039802,2.901394,10.0080385,3.03426,2.4724581,2.9795997,5.728399,2.5686293,0.82732725,3.080195,6.28437,2.7097619,-0.5569834,3.00007,0.6125944,2.7505026,-2.911309,2.716947
abnormal_192.wav,abnormal,0.1597740490215655,0.02070184360170836,0.014687601,0.0012320877,2400.6319734812705,128.49049573086907,2288.480538962272,43.683433994044584,5423.722044728434,188.52188047593654,-229.5469,6.465621,60.6007,5.0332375,13.221263,3.798136,20.681301,3.117495,11.433454,2.9090884,11.350212,3.0453172,4.5029287,2.8838222,6.1938133,3.1740067,-0.24102385,2.7761838,6.0628138,2.6629088,1.7704498,2.8043685,4.3552527,2.9764504,-0.89800197,3.0770657
abnormal_193.wav,abnormal,0.15544659794329074,0.023116898006053533,0.03986851,0.0034309563,2364.1520925712043,129.39274238081586,2300.9504263685717,42.36508434897877,5415.085862619809,200.02629866735273,-136.06377,6.006688,60.761883,4.441983,16.174618,3.3632486,25.051744,3.2040935,14.30533,2.7771518,10.508504,2.7667677,4.782536,2.7812924,5.3302846,2.4412484,-0.38179117,2.9623513,5.4989624,2.7254565,-0.3947811,2.6737506,0.556681,2.7803051,-2.9147675,2.9873948
abnormal_194.wav,abnormal,0.11612201727236422,0.013358985421190744,0.039916504,0.0028172915,1823.8283476563126,71.22328322140837,1995.5258923982094,28.759966888296574,4121.280950479233,142.79644920860113,-138.74529,3.6829398,88.84438,3.2274442,2.56743,3.2851617,19.126925,2.9085248,7.4973183,3.166714,8.78679,2.80096,3.7956824,2.6818054,2.4680965,2.8137224,0.28392282,2.7271683,2.303162,2.7010424,-2.005471,2.759163,-0.45013514,2.9257026,-2.9368653,2.8207498
abnormal_195.wav,abnormal,0.10363418530351437,0.06319940198086377,0.014870277,0.001866411,1802.8833343007336,669.1819769241547,2076.163133582904,300.7766608129333,4122.279353035144,1430.906480061513,-278.67847,36.288536,88.35709,28.764204,23.939869,7.2365055,17.937445,5.2880707,14.974706,3.5760186,12.612465,3.426556,4.659422,3.123778,6.767422,3.2181969,0.38768452,2.8799508,2.9461343,2.9393387,1.5739206,3.1469483,6.848349,3.6246402,-1.0130527,3.5076058
abnormal_196.wav,abnormal,0.16378949930111822,0.01362452367001236,0.03976529,0.004832233,2341.8694851572795,89.36015643572416,2249.6657964948454,42.38979465083,5443.86481629393,191.30995246449427,-146.05447,3.8474305,68.281654,3.551457,2.5170784,3.136089,-0.59959525,3.035821,7.095817,3.0055532,1.6865435,2.7588105,5.758527,2.859779,4.2048545,2.9212713,-7.0648913,3.0397027,2.8253152,2.848279,13.415356,2.9946501,7.4215317,3.2603204,-2.174903,3.2044475
abnormal_197.wav,abnormal,0.12328555561102236,0.017082113538287196,0.014943973,0.0010593557,1831.5326900824246,69.13710893234158,1949.9873385879184,36.58984156119133,4089.5317492012778,160.41629369618985,-237.35124,3.9332235,85.79044,3.0728807,-2.9725323,3.0888813,18.35794,2.9614463,12.651916,2.950272,20.898684,2.985387,2.4078958,2.564056,-3.1297772,2.8853269,-4.7714267,2.9646888,5.798216,3.0237803,2.974461,2.863651,5.1024137,2.913291,-0.9545481,3.13685
abnormal_198.wav,abnormal,0.15907828724041534,0.013798360634709617,0.020127358,0.002844429,2326.4062162204,84.15538640279442,2272.03639902095,40.023269771247435,5453.299720447284,170.52574267587127,-209.92332,4.51597,70.73645,3.3603027,5.067511,3.2961953,-1.2363741,3.2389994,6.6576533,3.4481812,2.4674265,3.470152,7.7017913,3.0051591,5.138093,3.1894522,-8.010649,3.7403255,0.9774142,3.3784761,9.779621,3.1038258,7.8620152,3.2706363,1.7426792,3.1828563
abnormal_199.wav,abnormal,0.12363187649760383,0.021807205377728255,0.01501974,0.0009871955,1842.6571033744426,74.38987419298813,1940.1498811591325,36.461369600041074,4080.970447284345,166.52427582828696,-238.3599,3.6393356,83.343666,3.2243264,-5.2388487,3.0122132,21.755238,2.7406807,13.805662,2.5504804,23.888197,2.6096497,3.0737972,2.7014918,-3.2079515,2.8879147,-5.362282,2.824605,5.433053,3.009417,2.6665206,2.987122,4.503219,2.8131614,0.66652536,2.9420903
abnormal_200.wav,abnormal,0.21594823282747605,0.013951010615231216,0.039868783,0.0020330786,2194.338117985771,57.23374434116628,1741.0372613625607,28.76386124158181,4000.4992012779553,108.4751626958264,-105.4651,5.0587025,66.87642,3.6447172,-31.579647,2.9447875,29.3016,2.9533625,-4.5719357,2.8990357,5.2097397,2.8231025,-3.7165146,2.9489295,2.3798714,2.9287682,-2.3984165,3.3192549,-3.232127,2.8528543,-4.9649153,2.6919355,1.8589072,2.6290605,-2.7151525,2.7550547
abnormal_201.wav,abnormal,0.16799059005591055,0.012242559302251309,0.039729554,0.0044662035,2356.2021377765636,73.23229170995337,2258.8069785277726,35.35422934977463,5449.680511182109,147.77402150002484,-143.1437,3.8336427,67.85728,2.9748504,3.657061,3.048088,-0.99523836,2.925269,7.22954,2.7786577,5.939686,2.7745636,6.914595,2.9597905,2.3396437,2.891103,-6.921517,3.2598758,3.3572097,2.8193471,11.085532,3.1067898,6.0579205,3.618266,-1.6098258,3.1261659
abnormal_202.wav,abnormal,0.11986290684904154,0.01694906670249814,0.014750904,0.00093600806,1833.1533296411033,140.90944974838882,1927.5837298890117,96.18877280796151,4087.010782747604,341.2760337740999,-235.13113,8.344162,87.53979,6.5477414,-1.5628949,4.4338346,22.89988,4.781193,3.3097832,3.6779397,13.240922,3.9989948,1.0078818,3.1147223,3.9714024,3.022427,-1.9723308,2.862161,3.8706508,3.0133307,-2.3564265,2.9661877,0.38860327,2.6457868,-1.1704688,3.1192992
abnormal_203.wav,abnormal,0.1668549071485623,0.012603578603807345,0.014937748,0.0016665271,2338.5982658088633,77.60392268845693,2273.6372080309125,46.98779199596395,5463.533346645368,172.19093327095038,-234.4674,10.209005,71.110886,3.576964,5.8323,4.2543297,-4.1239624,3.5929873,6.7377706,5.31595,9.260029,3.7721474,9.161655,3.8941243,3.143578,3.507532,-6.5295854,3.6757734,2.2249901,3.3723824,8.801824,3.3591776,7.8628445,3.2889593,-1.0154178,3.4453564
abnormal_204.wav,abnormal,0.1601078898761981,0.012755826323237246,0.014262894,0.0016266822,2309.4248106397267,81.52806421433819,2289.914722231501,38.2721175696068,5464.381988817891,147.64860763123224,-246.34006,4.0341325,71.92765,3.4947116,8.552513,3.0830476,-1.6416574,3.086483,8.812004,2.9054544,5.6914945,2.9522793,6.7286983,2.9924166,3.9420662,2.5770733,-5.7763186,2.8643463,1.5074059,3.0400126,8.990375,3.093349,9.2685795,3.0026991,1.6239209,2.655138
abnormal_205.wav,abnormal,0.16240421575479233,0.011733459256703297,0.01476885,0.0015896088,2306.586131671014,78.7479456552695,2281.079206899968,39.052127663076476,5467.452076677317,154.6476854792272,-239.1299,4.732787,72.74251,3.2661052,7.2520857,2.8214653,-3.1500742,2.8698645,8.6967325,3.08803,5.7686863,2.9163125,6.858676,2.9229434,3.0614665,3.0728135,-6.2409487,2.8670163,1.9612955,2.720832,9.975892,2.7762237,10.048085,3.2418334,0.5749588,3.1107495
abnormal_206.wav,abnormal,0.11866638378594249,0.010646485412643628,0.03990965,0.0030536402,1812.439725599536,67.21926530007703,1971.0886950326503,47.000397270573416,4095.5720846645368,195.9638571897067,-136.12117,6.6279354,90.26806,3.518538,1.6571476,4.3243423,17.81487,2.816618,6.651663,2.96377,9.131758,2.754766,0.46565884,2.558933,0.9983734,2.748013,-1.2072347,2.7313788,2.805382,2.9629323,-1.8092228,2.684515,0.53965753,2.6706896,-0.81980217,2.560164
abnormal_207.wav,abnormal,0.12333235573083066,0.013982955498345344,0.01815086,0.0013825332,1823.9906393071092,102.79866585020368,1915.3917082857888,72.65439945284487,4079.622603833866,240.0977400239865,-213.25357,8.403725,90.27465,5.630243,-2.678191,5.6180573,11.951327,6.825182,-1.6728021,4.3089676,16.906914,4.924989,1.6519436,5.723923,2.8438506,4.2481966,-3.8170927,5.57717,5.3805923,5.069588,1.7431629,4.7920203,6.235651,4.5443926,3.4861693,3.8471863
abnormal_208.wav,abnormal,0.12381439696485623,0.016811401982568832,0.015087243,0.0008742797,1832.8835547885965,71.69853109236476,1936.787575681217,43.55194516544154,4064.421924920128,177.93668050011755,-234.50604,4.2352805,85.9863,3.1735933,-4.405587,3.24826,19.964828,3.167394,13.040289,2.9733875,21.033237,3.0908191,0.24758379,3.030908,-4.253093,2.8556418,-4.5375633,2.8669684,5.5895076,3.0995743,3.1936097,2.8453722,5.3945622,3.1214828,0.56722045,3.0118237
abnormal_209.wav,abnormal,0.09193883536341853,0.017067577863722413,0.014950247,0.0017211286,1750.926305417208,108.32620923219403,2001.0605084052322,54.49300729098533,4116.438698083067,247.80681286469678,-258.9765,5.4517326,87.21358,4.256685,4.983353,3.3305845,20.244646,3.6834984,14.053598,3.559261,20.340717,3.4017513,7.1514716,3.083724,3.2939563,3.0931315,-3.214867,2.9764075,3.1891043,3.0498445,-1.626719,3.105831,1.6005133,3.0389233,-0.59207404,2.8134027
abnormal_210.wav,abnormal,0.09665316743210862,0.04627780998755164,0.020309411,0.001613791,1697.036803104418,186.67758981391552,2046.1107257565473,122.64113497352574,4165.984424920128,530.3311995508858,-237.96318,6.546127,90.20185,6.649619,17.702383,4.337123,26.884014,3.8928108,10.960479,3.6586087,9.400258,2.9428663,0.52189827,3.0679047,2.803635,3.197634,1.8597437,3.2428513,8.140289,2.9208667,7.1206303,2.8887622,1.9331322,3.243566,-1.8535898,2.985662
abnormal_211.wav,abnormal,0.16723866813099042,0.017943193602785904,0.014716242,0.0016650815,2417.410704869762,89.25827332970621,2302.9114690988968,38.8521016386839,5476.8370607028755,145.18169159913302,-234.87675,4.4406104,64.998535,3.3945062,9.984201,3.0779696,6.7007804,3.2626495,4.5580683,3.0213425,2.3813999,2.9568484,14.867528,3.1931405,14.9713955,2.7247136,-5.560786,2.8461213,-0.26103622,2.9715528,-2.6656938,3.0222538,-1.7129924,2.6268775,9.245269,2.9491544
abnormal_212.wav,abnormal,0.15732484275159744,0.01672645098959966,0.01514996,0.0018553038,2365.0837345106397,95.44000179908234,2306.193239940494,40.200802492622515,5483.726038338658,166.94259551296534,-236.67102,4.666454,66.80345,3.6827788,10.91648,2.9431868,6.260551,3.4659703,6.9436574,3.0741978,5.0122867,2.8902369,10.241382,3.1945121,10.113508,3.2085803,2.0944078,2.9963257,0.303732,2.921154,-6.3627095,2.8510866,-1.7186512,2.8552735,6.558231,3.0432577
abnormal_213.wav,abnormal,0.1455078125,0.011580590221758082,0.014883684,0.0016311127,2227.1705539276118,79.56608104428582,2310.3767728862663,40.60778970251685,5481.654353035144,170.92562093172378,-248.2167,3.670519,76.00473,2.928914,11.816858,2.9107366,-0.9532028,2.8696764,12.01725,2.841951,6.28281,2.6423526,9.986431,3.0139558,8.107998,2.8975544,-3.4565625,2.9885073,-3.849464,2.9189694,2.5733757,3.163092,11.627302,2.9910722,8.831249,3.350933
abnormal_214.wav,abnormal,0.13752371206070288,0.011147356941977216,0.016689112,0.0015085926,2230.7439663655528,78.73606512693155,2312.255959655606,41.08648912959992,5482.378194888179,175.3476874423787,-241.88478,3.94751,73.52189,3.1835806,11.19361,3.139012,0.35214722,3.0672462,13.557495,3.1061819,10.433867,2.8029816,12.301934,2.8816311,4.752136,2.769586,-5.259773,3.1452823,1.5790197,3.3576317,8.719862,2.9859526,12.336235,3.2389994,3.5666027,3.4562004
abnormal_215.wav,abnormal,0.11501753444488817,0.01162147232552073,0.020419845,0.0011717724,1794.077044277257,99.31087962835991,1956.2481725466075,80.08878372351312,4063.2987220447285,247.77281773155343,-205.34363,4.7981915,90.63119,4.5364904,1.4924989,3.532501,20.086933,3.2303963,5.828184,3.5805979,8.453463,3.32584,-0.38518718,3.04384,3.2123106,2.808748,-0.45680022,3.148069,2.6309948,2.778303,-0.21414448,2.656609,-0.7841111,2.8593812,-2.4293354,2.9708343
abnormal_216.wav,abnormal,0.12172711162140575,0.01279051679048212,0.040019177,0.0026964725,1837.2188552615903,66.0046634854351,1933.2809273260739,26.455598536959112,4043.4804313099044,121.63254008185002,-136.76538,3.606575,85.66443,3.1338181,-2.1985726,2.99809,25.740898,2.9474099,5.6055913,2.8092942,11.456532,2.6721482,1.1164675,2.5878987,3.2775903,2.8106139,-1.8337902,2.979782,2.9350946,2.9234178,-0.17374213,2.8860936,-2.0711455,2.5300682,-1.4519064,2.990384
abnormal_217.wav,abnormal,0.1487729008586262,0.01481265169659948,0.02031991,0.0017870604,2326.9649844982473,86.55250304383158,2311.6978353646086,38.235805940356606,5489.367012779553,168.2192982817346,-208.5835,4.9642997,70.0584,3.2165356,12.892652,3.2544968,4.6434026,3.7721899,5.05731,3.798768,1.6765085,4.0011067,2.3055038,3.154591,4.9750404,3.2466044,0.91752934,3.421161,-2.478194,3.072903,-5.432898,3.0352068,-5.8050547,3.0169976,-2.4890687,3.0650551
abnormal_218.wav,abnormal,0.16457418130990414,0.012210128436903254,0.01420495,0.001957268,2315.409568598776,86.91164976233762,2285.139702826942,42.34454530276837,5508.0870607028755,169.5945259968898,-246.67357,4.046857,72.00926,3.4159207,5.132448,2.97881,-3.4765625,2.8539515,12.928195,2.8101923,6.5054474,2.8945286,7.527514,2.9507585,3.1154451,2.952891,-7.058299,2.8762572,-0.5648468,2.8462994,8.370584,2.9416168,9.441944,3.2426631,0.5869906,2.9264133
abnormal_219.wav,abnormal,0.14444388977635783,0.013874839867616017,0.014622811,0.0013201818,2252.1879079257983,81.68127056558204,2303.5141020740216,37.93110402454027,5499.900159744409,146.76823626620214,-250.5797,5.1753635,74.05851,3.8450718,11.001561,3.793517,-2.8370008,3.7353776,10.844657,3.200109,7.3321295,3.2294335,6.9066696,3.179978,3.4581358,3.326403,-4.10527,3.2089782,5.011736,3.1437755,11.460952,3.012476,13.006165,3.019106,1.0428826,3.2486677
abnormal_220.wav,abnormal,0.16458666134185304,0.0164850552027917,0.015966402,0.0013879389,2379.7049107523026,101.12443832207367,2291.386933169412,49.97277457265105,5507.263378594249,160.6608681196355,-221.09056,11.639093,69.711754,5.647838,8.482473,5.1577587,-4.5954514,6.982237,-1.5678532,6.1423106,4.265613,4.6556454,6.8960037,3.7839355,5.7481956,3.5631013,-0.26393655,5.2081046,2.288777,4.5843472,1.8935344,3.6139815,7.6644807,3.5435846,5.7124662,3.6212049
abnormal_221.wav,abnormal,0.1496886232028754,0.013448332897947697,0.0151339015,0.0015180199,2255.171554905875,90.53139331655872,2312.2824920993103,42.17802739663537,5511.107228434505,191.246276891046,-242.88483,4.8339443,74.64553,3.496043,11.998557,2.8867104,-1.022049,2.8382769,11.975475,3.0261822,9.055689,2.961446,9.551908,3.0070028,3.402299,3.058303,-6.373362,2.8610828,-0.29280353,2.93688,7.1614184,3.2227151,11.185339,3.4911816,2.4890172,3.496009
abnormal_222.wav,abnormal,0.12015150758785942,0.01792365962189292,0.014509603,0.0010965373,1808.4172005344572,71.75170312117177,1920.6286382011567,36.75256633174344,4022.6387779552715,158.10520559963828,-242.29382,3.8405626,85.8854,3.044576,-4.59011,2.9683993,21.736755,3.078785,13.506914,2.9136138,23.92643,2.9234087,1.7929598,2.886596,-3.9086952,2.7572877,-6.466134,2.8445473,4.8738728,3.166973,1.8612453,3.092781,3.8656993,3.0622053,-0.1472321,3.0043302
abnormal_223.wav,abnormal,0.11839806309904154,0.020037047283581473,0.016964424,0.0013095387,1796.2930761034952,183.11853396848454,1925.2562187741103,116.63354393749724,4029.7274361022364,461.82972275400965,-221.62236,14.203788,92.920616,8.608732,-0.37027398,4.6117563,13.091988,7.1063313,-0.67119825,5.309713,13.024404,4.654439,2.4599166,5.2344103,1.5637609,3.070203,-2.1837687,4.2379026,4.308419,4.282981,-1.1982317,3.359518,4.2913814,3.7248085,1.3875382,3.3033154
abnormal_224.wav,abnormal,0.16176461411741214,0.014392571143680186,0.0155295655,0.0011407989,2404.7346826893577,81.0027757726626,2312.537989170232,30.717735805637272,5511.856030351438,122.34328024833079,-228.7823,3.8023617,66.95327,3.515615,15.012171,3.2101212,5.2820415,3.3725507,0.58545583,3.285989,5.443335,2.8422263,9.643573,3.5547075,6.465909,3.162509,-4.489176,2.7534475,-0.58049047,2.7859402,-5.6135473,3.0007808,5.552041,2.7934086,11.76116,2.6551874
abnormal_225.wav,abnormal,0.14911454173322683,0.012514572169998406,0.015328534,0.0015251273,2291.9562570330763,69.26191368623758,2325.926512570824,36.436781566861036,5515.525159744409,142.79090387139158,-238.88258,3.508829,72.83576,3.0439026,13.630381,3.060844,0.29802358,2.9027753,5.1285152,2.9538143,6.4851065,3.1126285,13.535195,2.8210566,9.985996,2.6973057,1.2832655,2.7141883,-2.0975742,2.871841,-5.397933,2.5699105,6.227808,2.9411457,8.474239,3.2862482
abnormal_226.wav,abnormal,0.15215186950878595,0.012693532306731946,0.015481462,0.0013375581,2282.361193513417,72.59056838600131,2316.138033557887,33.06548170788921,5525.808706070287,145.9610116982802,-241.21416,4.1254716,71.94177,3.0059173,9.975966,2.9266722,-0.32049754,2.981248,13.2478695,2.7243803,9.784152,3.037072,10.498411,3.1644816,3.8811982,2.9077911,-5.2966504,2.7771888,1.4471242,3.087751,9.59643,2.8767974,12.067723,3.0406876,2.8040757,3.1146
abnormal_227.wav,abnormal,0.13686695037939298,0.014335171327723805,0.016621334,0.0013597662,2271.2054967642935,89.50776997549863,2363.0059322532584,37.162593333596725,5509.185303514377,159.32804336344714,-234.62253,4.5017977,71.87248,3.0382059,20.641184,3.3266912,7.9300013,3.0731308,9.135831,3.1375823,7.758803,2.9772675,5.7296724,2.9609878,5.005397,2.9366157,6.5491276,2.9940646,4.1969514,2.8267696,-3.2665312,3.1175044,-6.790877,2.9818492,-6.4029374,2.843267
abnormal_228.wav,abnormal,0.14197128344648563,0.012444296670396666,0.014321275,0.0016868616,2250.578382449474,79.27263004361632,2315.920103213518,39.80688944796039,5531.8740015974445,173.67349492354688,-261.2945,3.8919084,74.77396,3.0583024,13.563329,3.1619048,-3.047784,3.0574088,10.210287,3.1831145,5.0223765,3.3625257,7.1801834,3.2401369,7.3999047,2.9892259,-4.635289,3.18047,-5.2713814,3.0492506,3.1699343,3.138297,13.034016,2.7988505,9.067916,3.0851018
abnormal_229.wav,abnormal,0.14774641823083068,0.012752842488060879,0.015093547,0.0012971577,2268.9181289876933,83.28557193007104,2327.1121183999376,36.046240679636625,5531.324880191693,163.19968620179222,-240.38724,3.9355063,74.44205,3.1880903,13.810887,2.9360726,-1.1167456,2.926926,8.622092,2.8363118,6.148264,2.9523275,8.33668,2.7284107,8.307818,3.146988,0.026983975,2.819294,-4.541174,3.0261624,-4.1771026,3.2261128,3.9901128,2.8303878,6.596626,2.707942
abnormal_230.wav,abnormal,0.1642621805111821,0.014092555779536792,0.039754514,0.0047087446,2397.131419270792,81.4554448096825,2294.5198565578166,39.68485082767091,5530.6259984025555,154.56043083097222,-144.75659,4.20636,66.90476,3.2280338,8.939938,3.2679677,-0.97731966,3.0907962,6.46548,3.0143373,7.1012383,2.9475317,2.438587,3.0146606,-0.0125070885,3.0346227,-8.568386,2.82421,-0.37315053,2.9612339,10.685151,2.9964218,10.135046,2.8673587,0.13616024,2.9932075
abnormal_231.wav,abnormal,0.1477963383586262,0.013941310304996703,0.014711418,0.0014513421,2274.412750443108,81.35162684682925,2323.5039834843074,35.79912897869423,5535.867611821086,158.64998314020352,-243.85333,3.9403484,74.9262,3.1915185,13.785799,2.7790682,-0.60807806,3.1332753,9.002944,3.0612986,2.2982903,3.0377219,2.5676897,3.046261,7.3036284,3.0446436,3.7598796,2.7984703,-0.6731954,3.018905,-5.4651837,3.1889906,1.0647718,3.2223964,4.924866,2.8867476
abnormal_232.wav,abnormal,0.1511394269169329,0.01307466271308448,0.014621439,0.0013003084,2307.652592470608,85.65193543701804,2314.36254970921,36.51777946762402,5540.51018370607,156.99779398742876,-244.77693,3.9914076,72.82359,3.5380623,12.189477,3.0275927,-1.0036575,2.880296,6.654285,3.106062,3.2624614,2.8768926,5.9248643,2.9024675,7.278957,2.9071567,-3.0705106,2.6741195,-1.4031098,2.8198326,3.894658,2.9031518,11.58989,2.4543376,7.851478,2.8390703
abnormal_233.wav,abnormal,0.17259884185303515,0.016428652179840162,0.020400546,0.0019999922,2496.7972420295114,77.8924279886451,2275.2838578722485,32.49928021392543,5529.877196485623,141.82169053293202,-202.61958,4.5432196,59.975933,3.2360592,5.198243,2.975335,3.2064276,3.1776116,2.3982892,3.10839,5.793311,3.0843735,4.1308446,3.001701,3.307608,2.8554823,-5.9895062,2.9575608,1.040836,2.8804064,11.011912,2.788553,7.48623,3.2311502,0.25542954,3.186505
abnormal_234.wav,abnormal,0.16656318640175719,0.01400422214674178,0.020367349,0.0017897806,2501.795135282723,79.18530222724078,2281.8016158546016,28.766842891034553,5532.248402555911,127.8541162512036,-208.48253,3.9431608,58.534584,3.34499,5.776784,2.9557204,3.5679257,3.157499,2.1790698,2.993078,6.546449,2.6230676,5.2025266,2.7385452,3.8793135,2.8428197,-5.744262,2.5940697,3.1494756,2.9864643,11.951251,2.8790007,7.6311316,3.165167,0.7104246,3.319883
abnormal_235.wav,abnormal,0.14715985672923323,0.020493061324070822,0.014944564,0.0014075411,2370.8083927023777,111.88418247503436,2359.6378440269064,38.21323711156634,5530.426317891373,175.12845304135172,-239.41771,5.3511457,61.253593,3.8290784,21.051577,3.2894604,22.146515,3.2223194,14.624507,2.9102588,12.558949,3.3008006,7.070457,3.073821,6.054076,3.0745447,-0.40343273,3.1633694,3.791298,2.7769158,1.806152,2.9769433,3.7078993,2.8816137,0.63794816,2.764399
abnormal_236.wav,abnormal,0.26616944139376997,0.06498320125631644,0.02074086,0.0026000545,2799.786379869373,353.14721458614207,2157.347129044476,68.6763429123549,5438.17392172524,457.0249397379398,-165.74434,9.74104,40.852085,16.235422,-4.0036244,4.7876015,17.365528,4.5200186,2.3099039,3.9747415,10.155471,3.8179457,3.1003718,3.9103806,8.155539,3.5965073,3.1059835,3.595805,3.8437057,3.3746784,1.2669832,3.3279345,3.3234103,3.5142863,-1.8329144,3.508325
abnormal_237.wav,abnormal,0.16219673522364217,0.013003043073774435,0.0142588345,0.0016497282,2351.2041487189185,92.68721520752125,2306.11260547452,44.25322377999296,5558.606230031949,174.7275500610138,-247.23143,4.8461733,70.350655,3.5672963,7.5687556,3.210585,-4.4142327,2.9747756,9.104767,3.308136,5.577115,3.001414,6.7052865,2.9266129,5.8103614,2.986401,-2.5510683,3.151983,3.1727858,2.9029922,8.886839,2.7487938,9.490624,2.9109366,0.9672778,3.0134566
abnormal_238.wav,abnormal,0.16637754592651757,0.015028972735787027,0.020596651,0.0015727084,2549.821359490516,71.93979479052607,2289.4912547090453,27.762031788437337,5527.7805511182105,118.46866203524336,-203.69115,4.9168267,58.01374,3.1692405,9.700441,2.910076,2.2316267,3.2581604,-2.7865672,3.0618746,8.696698,3.0035484,2.3856454,3.145157,5.186321,2.8823538,-2.424087,2.9960659,0.38256922,2.9518971,8.931708,2.8465843,7.9590654,2.7598739,-0.39838678,3.0236335
abnormal_239.wav,abnormal,0.14705377645766773,0.013640733081177399,0.014590776,0.0012819966,2265.9360263239473,80.94892179350941,2336.6112232023306,36.73750602171607,5548.023162939297,155.1574469829051,-245.53125,3.8692033,75.0787,3.0641744,16.744059,3.1136167,-0.18535268,3.0873978,7.4807043,3.2364864,5.150835,2.8729944,7.5893273,2.983314,7.6091084,2.7818825,0.1265456,2.7899573,-5.742347,2.7227952,-8.560006,2.7012055,-0.6541396,2.575654,4.5753784,2.7094867
abnormal_240.wav,abnormal,0.1816718250798722,0.018951382718196835,0.020321323,0.0023535637,2502.7873647656565,88.42937346161065,2284.926362217944,32.33755636925958,5541.808107028754,144.3173065841495,-197.93173,3.896194,59.793507,3.1831515,5.458979,3.105346,4.763802,2.9873068,4.678498,2.9712942,8.792201,3.009065,7.5717244,3.0559824,4.4237566,2.74683,-8.366908,2.956132,-0.8780338,2.8566773,8.006194,2.793674,7.2646375,3.0425804,2.499081,2.9675567
abnormal_241.wav,abnormal,0.14510221146166133,0.012744179342898627,0.014604626,0.0013485246,2252.4440839862673,82.62887782382468,2322.72141255728,41.8084213924401,5555.286541533546,171.90458632973687,-253.4918,4.293728,75.480385,3.3460863,12.573821,3.1804957,-4.8400636,2.9939742,11.307202,3.0601232,7.092873,2.6828234,8.754749,3.305171,5.284168,2.6969416,-5.805297,2.7452908,1.2774746,2.731163,9.05059,3.15106,11.418557,3.1175349,4.1713195,3.279637
abnormal_242.wav,abnormal,0.1479055386381789,0.04077093552273881,0.037951782,0.012808819,1891.9344213858624,281.0952777798183,1862.0956089135384,84.43323664128907,3941.1441693290735,476.0923023148257,-132.77274,45.38929,89.08633,15.70824,-9.688787,9.937792,12.626705,4.55014,-6.5264874,4.833893,0.50830585,4.04237,-1.5060153,3.3383255,1.7968799,3.652812,-6.067625,4.3279376,-0.48794883,3.3280463,-1.949835,4.270302,-4.7520156,2.9997027,-2.5394394,3.5681374
abnormal_243.wav,abnormal,0.10299302366214058,0.0132805770498245,0.039797824,0.0041013416,1765.6296349153006,78.27598597655137,1989.1799170633406,49.47967188367991,4003.818889776358,215.9933576530192,-148.6877,7.6571603,91.5732,3.9563339,4.213736,3.9215908,19.739483,3.656893,9.057093,2.933019,6.719042,3.4139147,2.7901027,3.2115393,1.4527211,3.5536826,1.585931,2.9620657,2.8635585,3.556751,-0.78423667,3.189491,1.5572871,2.9114645,-0.06379583,2.7557287
abnormal_244.wav,abnormal,0.11646209814297125,0.010926118072632432,0.039921466,0.0026267157,1784.5109278479272,68.86423870746431,1907.0204354367906,27.589070013465633,3995.5820686900956,130.1996940469746,-137.91795,4.318271,90.41273,3.4379382,-0.6986905,2.622706,22.218012,2.7303166,2.7969074,2.919499,12.679757,2.5167024,-1.3053887,2.9545505,3.2454846,2.5835052,-0.80562586,2.8749845,1.8740991,2.8804243,-0.92311287,2.7843897,-0.9969604,2.9177344,-0.950698,2.7643707
abnormal_245.wav,abnormal,0.12049158845846646,0.01611131870315405,0.016128832,0.0014123567,1786.209969922909,63.687354144314455,1913.8277914136777,37.71710508916765,3975.614017571885,154.0855644238978,-230.69315,10.089893,89.64017,3.192149,-3.86653,2.8922193,16.089567,5.069146,8.022048,5.3229856,21.278614,3.8373225,2.4145133,3.313567,-3.812073,3.0595927,-4.79863,3.2543907,7.898082,3.6843297,4.018027,3.998712,6.335388,3.6748786,1.0408555,3.2080274
abnormal_246.wav,abnormal,0.11737314047523961,0.010345712200102731,0.039985094,0.0025478736,1773.934560267097,60.41835215484837,1939.0813054103469,34.79448145094538,3992.6367811501595,159.17965640326707,-134.89015,5.418115,93.77872,3.032571,1.0163149,3.1404471,15.29289,2.9597695,3.5965486,2.7553322,7.1987977,2.72954,-0.7051058,2.9549813,1.0962524,3.0180128,-2.3255796,3.0842745,1.6794615,3.0571158,-2.3700361,3.0840967,-0.073416576,2.64001,-0.8868589,2.7408447
abnormal_247.wav,abnormal,0.08265837160543131,0.03920923229722662,0.039808117,0.0032465935,1648.0668215175183,183.12435485843952,2045.3543659643171,98.64793642782217,4093.450479233227,492.0405979933486,-182.90979,9.70434,91.18768,7.0809593,18.870373,4.338742,25.476288,3.5237644,16.789726,3.8967264,13.447327,3.1878414,2.7443779,2.8489242,3.4313467,3.1768084,0.14818123,3.1491408,3.1023123,2.9324434,-3.8666306,3.1179187,-0.1836515,2.95029,-4.031164,2.9657598
abnormal_248.wav,abnormal,0.15189134884185304,0.013510163282370232,0.014736671,0.0012906356,2290.36469982776,77.04227620923645,2338.7760244402893,35.61645858400763,5562.350239616613,146.92488841039642,-239.39833,3.5911078,74.58661,3.0859246,15.324356,3.167448,-0.39459583,2.9786518,7.730358,3.3742123,4.316128,3.137031,6.8708444,3.0508268,7.4104075,3.0690012,-1.4115479,2.6782033,-5.799159,2.6750195,-6.6001616,2.9116986,1.781004,2.9662766,5.984646,2.6054275
abnormal_249.wav,abnormal,0.17200604033546327,0.01432643543745711,0.020332873,0.0020919524,2414.21700632239,86.42233071484901,2281.4254323588307,41.1841998917904,5574.031549520767,179.28610094886227,-203.69849,4.6105514,66.66895,3.5584443,3.9525452,2.9796658,-0.73433775,2.904405,7.7965336,3.0815938,1.7277406,3.1965358,1.6831398,3.2567613,0.029070247,2.698264,-7.8330703,3.1820133,2.1806242,2.5662332,11.515065,2.9543521,9.791664,3.4011507,-0.33259395,3.168994
abnormal_250.wav,abnormal,0.17174551966853036,0.014331473196053806,0.016518295,0.0015086434,2419.631862498151,109.08680661425056,2299.3745425147445,66.854365394895,5571.211062300319,239.0817410796179,-216.79732,8.700512,68.218735,4.8517833,6.558856,5.2389574,-7.1373086,5.082242,-1.1327811,4.9312196,7.9032993,6.176942,9.827518,4.266619,4.4927554,3.558751,-0.6546506,3.8048952,0.06319775,4.263851,-0.6823274,3.51705,10.595105,3.7509842,8.733919,3.3209023
